model_name,forecast_created_at,target_date,he,bus_id,zone_id,predict_pd
zone_share_transformer_next_day,2024-12-31 00:01:00,2025-01-01,1,THW_23KV_1,COAS,6.7930446
zone_share_transformer_next_day,2024-12-31 00:01:00,2025-01-01,1,THW_69KV_1,COAS,0.0
zone_share_transformer_next_day,2024-12-31 00:01:00,2025-01-01,1,THW_23KV_2,COAS,0.0
zone_share_transformer_next_day,2024-12-31 00:01:00,2025-01-01,1,THW_1KV_1,COAS,0.0
zone_share_transformer_next_day,2024-12-31 00:01:00,2025-01-01,1,THW_345KV_1,COAS,0.0
zone_share_transformer_next_day,2024-12-31 00:01:00,2025-01-01,1,THW_1KV_2,COAS,0.0
zone_share_transformer_next_day,2024-12-31 00:01:00,2025-01-01,1,THW_1KV_3,COAS,0.0
zone_share_transformer_next_day,2024-12-31 00:01:00,2025-01-01,1,THW_1KV_4,COAS,0.0
zone_share_transformer_next_day,2024-12-31 00:01:00,2025-01-01,1,THW_1KV_5,COAS,0.0
zone_share_transformer_next_day,2024-12-31 00:01:00,2025-01-01,1,THW_345KV_2,COAS,0.0
zone_share_transformer_next_day,2024-12-31 00:01:00,2025-01-01,1,THW_13KV_1,COAS,0.0
zone_share_transformer_next_day,2024-12-31 00:01:00,2025-01-01,1,THW_1KV_6,COAS,0.0
zone_share_transformer_next_day,2024-12-31 00:01:00,2025-01-01,1,THW_1KV_7,COAS,0.0
zone_share_transformer_next_day,2024-12-31 00:01:00,2025-01-01,1,THW_13KV_2,COAS,0.0
zone_share_transformer_next_day,2024-12-31 00:01:00,2025-01-01,1,THW_138KV_1,COAS,46.342968
zone_share_transformer_next_day,2024-12-31 00:01:00,2025-01-01,1,THW_13KV_3,COAS,0.0
zone_share_transformer_next_day,2024-12-31 00:01:00,2025-01-01,1,THW_138KV_2,COAS,0.0
zone_share_transformer_next_day,2024-12-31 00:01:00,2025-01-01,1,THW_13KV_4,COAS,0.0
zone_share_transformer_next_day,2024-12-31 00:01:00,2025-01-01,1,THW_13KV_5,COAS,0.0
zone_share_transformer_next_day,2024-12-31 00:01:00,2025-01-01,1,THW_13KV_6,COAS,0.0
zone_share_transformer_next_day,2024-12-31 00:01:00,2025-01-01,1,THW_138KV_3,COAS,0.0
zone_share_transformer_next_day,2024-12-31 00:01:00,2025-01-01,1,THW_13KV_7,COAS,0.0
zone_share_transformer_next_day,2024-12-31 00:01:00,2025-01-01,1,THW_13KV_8,COAS,0.0
zone_share_transformer_next_day,2024-12-31 00:01:00,2025-01-01,1,THW_13KV_9,COAS,0.0
zone_share_transformer_next_day,2024-12-31 00:01:00,2025-01-01,1,THW_13KV_10,COAS,0.0
zone_share_transformer_next_day,2024-12-31 00:01:00,2025-01-01,1,THW_138KV_4,COAS,0.0
zone_share_transformer_next_day,2024-12-31 00:01:00,2025-01-01,1,THW_138KV_5,COAS,0.0
zone_share_transformer_next_day,2024-12-31 00:01:00,2025-01-01,1,THW_138KV_6,COAS,31.71142
zone_share_transformer_next_day,2024-12-31 00:01:00,2025-01-01,1,THW_13KV_11,COAS,0.0
zone_share_transformer_next_day,2024-12-31 00:01:00,2025-01-01,1,THW_13KV_12,COAS,0.0
zone_share_transformer_next_day,2024-12-31 00:01:00,2025-01-01,1,THW_13KV_13,COAS,0.0
zone_share_transformer_next_day,2024-12-31 00:01:00,2025-01-01,1,THW_13KV_14,COAS,0.0
zone_share_transformer_next_day,2024-12-31 00:01:00,2025-01-01,1,THW_138KV_7,COAS,17.504206
zone_share_transformer_next_day,2024-12-31 00:01:00,2025-01-01,1,THW_13KV_15,COAS,0.0
zone_share_transformer_next_day,2024-12-31 00:01:00,2025-01-01,1,THW_13KV_16,COAS,0.0
zone_share_transformer_next_day,2024-12-31 00:01:00,2025-01-01,1,THW_13KV_17,COAS,0.0
zone_share_transformer_next_day,2024-12-31 00:01:00,2025-01-01,1,THW_138KV_8,COAS,30.125715
zone_share_transformer_next_day,2024-12-31 00:01:00,2025-01-01,1,THW_1KV_8,COAS,0.0
zone_share_transformer_next_day,2024-12-31 00:01:00,2025-01-01,1,THW_1KV_9,COAS,0.0
zone_share_transformer_next_day,2024-12-31 00:01:00,2025-01-01,1,THW_1KV_10,COAS,0.0
zone_share_transformer_next_day,2024-12-31 00:01:00,2025-01-01,1,THW_13KV_18,COAS,0.0
zone_share_transformer_next_day,2024-12-31 00:01:00,2025-01-01,1,HX_138KV_1,COAS,5.295938
zone_share_transformer_next_day,2024-12-31 00:01:00,2025-01-01,1,NCARBIDE_69KV_1,COAS,0.0
zone_share_transformer_next_day,2024-12-31 00:01:00,2025-01-01,1,NCARBIDE_138KV_1,COAS,0.0
zone_share_transformer_next_day,2024-12-31 00:01:00,2025-01-01,1,NCARBIDE_138KV_2,COAS,0.0
zone_share_transformer_next_day,2024-12-31 00:01:00,2025-01-01,1,NCARBIDE_13KV_1,COAS,0.0
zone_share_transformer_next_day,2024-12-31 00:01:00,2025-01-01,1,NCARBIDE_13KV_2,COAS,0.0
zone_share_transformer_next_day,2024-12-31 00:01:00,2025-01-01,1,NCARBIDE_13KV_3,COAS,0.0
zone_share_transformer_next_day,2024-12-31 00:01:00,2025-01-01,1,NCARBIDE_13KV_4,COAS,0.0
zone_share_transformer_next_day,2024-12-31 00:01:00,2025-01-01,1,NCARBIDE_4KV_1,COAS,0.0
zone_share_transformer_next_day,2024-12-31 00:01:00,2025-01-01,1,TML_138KV_1,COAS,2.479108
zone_share_transformer_next_day,2024-12-31 00:01:00,2025-01-01,1,PV_TAP_69KV_1,COAS,0.0
zone_share_transformer_next_day,2024-12-31 00:01:00,2025-01-01,1,TWNPNSW_69KV_1,COAS,0.0
zone_share_transformer_next_day,2024-12-31 00:01:00,2025-01-01,1,DT_69KV_1,COAS,21.874544
zone_share_transformer_next_day,2024-12-31 00:01:00,2025-01-01,1,DT_138KV_1,COAS,0.0
zone_share_transformer_next_day,2024-12-31 00:01:00,2025-01-01,1,DT_1KV_1,COAS,0.0
zone_share_transformer_next_day,2024-12-31 00:01:00,2025-01-01,1,DT_1KV_2,COAS,0.0
zone_share_transformer_next_day,2024-12-31 00:01:00,2025-01-01,1,DT_12KV_1,COAS,0.0
zone_share_transformer_next_day,2024-12-31 00:01:00,2025-01-01,1,DT_13KV_1,COAS,0.0
zone_share_transformer_next_day,2024-12-31 00:01:00,2025-01-01,1,WAP_20KV_1,COAS,0.0
zone_share_transformer_next_day,2024-12-31 00:01:00,2025-01-01,1,WAP_20KV_2,COAS,0.0
zone_share_transformer_next_day,2024-12-31 00:01:00,2025-01-01,1,WAP_20KV_3,COAS,0.0
zone_share_transformer_next_day,2024-12-31 00:01:00,2025-01-01,1,WAP_20KV_4,COAS,0.0
zone_share_transformer_next_day,2024-12-31 00:01:00,2025-01-01,1,WAP_20KV_5,COAS,0.0
zone_share_transformer_next_day,2024-12-31 00:01:00,2025-01-01,1,WAP_20KV_6,COAS,0.0
zone_share_transformer_next_day,2024-12-31 00:01:00,2025-01-01,1,WAP_345KV_1,COAS,0.0
zone_share_transformer_next_day,2024-12-31 00:01:00,2025-01-01,1,WAP_22KV_1,COAS,0.0
zone_share_transformer_next_day,2024-12-31 00:01:00,2025-01-01,1,WAP_345KV_2,COAS,0.0
zone_share_transformer_next_day,2024-12-31 00:01:00,2025-01-01,1,WAP_345KV_3,COAS,0.0
zone_share_transformer_next_day,2024-12-31 00:01:00,2025-01-01,1,WAP_24KV_1,COAS,0.0
zone_share_transformer_next_day,2024-12-31 00:01:00,2025-01-01,1,WAP_345KV_4,COAS,0.0
zone_share_transformer_next_day,2024-12-31 00:01:00,2025-01-01,1,WAP_345KV_5,COAS,0.0
zone_share_transformer_next_day,2024-12-31 00:01:00,2025-01-01,1,WAP_13KV_1,COAS,0.0
zone_share_transformer_next_day,2024-12-31 00:01:00,2025-01-01,1,WAP_138KV_1,COAS,0.0
zone_share_transformer_next_day,2024-12-31 00:01:00,2025-01-01,1,WAP_138KV_2,COAS,0.0
zone_share_transformer_next_day,2024-12-31 00:01:00,2025-01-01,1,WAP_138KV_3,COAS,0.0
zone_share_transformer_next_day,2024-12-31 00:01:00,2025-01-01,1,WAP_138KV_4,COAS,0.0
zone_share_transformer_next_day,2024-12-31 00:01:00,2025-01-01,1,WAP_138KV_5,COAS,0.0
zone_share_transformer_next_day,2024-12-31 00:01:00,2025-01-01,1,WAP_138KV_6,COAS,0.0
zone_share_transformer_next_day,2024-12-31 00:01:00,2025-01-01,1,WAP_138KV_7,COAS,0.0
zone_share_transformer_next_day,2024-12-31 00:01:00,2025-01-01,1,WAP_138KV_8,COAS,0.0
zone_share_transformer_next_day,2024-12-31 00:01:00,2025-01-01,1,TXCITYWT_69KV_1,COAS,2.6234426
zone_share_transformer_next_day,2024-12-31 00:01:00,2025-01-01,1,SHR_138KV_1,COAS,15.351527
zone_share_transformer_next_day,2024-12-31 00:01:00,2025-01-01,1,STW_138KV_1,COAS,7.622521
zone_share_transformer_next_day,2024-12-31 00:01:00,2025-01-01,1,EL_CAMPO_69KV_1,COAS,5.2699523
zone_share_transformer_next_day,2024-12-31 00:01:00,2025-01-01,1,EL_CAMPO_138KV_1,COAS,5.0636663
zone_share_transformer_next_day,2024-12-31 00:01:00,2025-01-01,1,MP_138KV_1,COAS,22.406595
zone_share_transformer_next_day,2024-12-31 00:01:00,2025-01-01,1,CTY_138KV_1,COAS,7.2574944
zone_share_transformer_next_day,2024-12-31 00:01:00,2025-01-01,1,TNPRXAIR_69KV_1,COAS,35.27845
zone_share_transformer_next_day,2024-12-31 00:01:00,2025-01-01,1,FOS_138KV_1,COAS,0.061386902
zone_share_transformer_next_day,2024-12-31 00:01:00,2025-01-01,1,GAF_138KV_1,COAS,4.3887863
zone_share_transformer_next_day,2024-12-31 00:01:00,2025-01-01,1,WI_138KV_1,COAS,52.159187
zone_share_transformer_next_day,2024-12-31 00:01:00,2025-01-01,1,ED_138KV_1,COAS,8.86165
zone_share_transformer_next_day,2024-12-31 00:01:00,2025-01-01,1,ED_138KV_2,COAS,8.699616
zone_share_transformer_next_day,2024-12-31 00:01:00,2025-01-01,1,ED_138KV_3,COAS,0.0
zone_share_transformer_next_day,2024-12-31 00:01:00,2025-01-01,1,ED_138KV_4,COAS,0.0
zone_share_transformer_next_day,2024-12-31 00:01:00,2025-01-01,1,DSN_138KV_1,COAS,5.4227605
zone_share_transformer_next_day,2024-12-31 00:01:00,2025-01-01,1,STP_25KV_1,COAS,0.0
zone_share_transformer_next_day,2024-12-31 00:01:00,2025-01-01,1,STP_25KV_2,COAS,0.0
zone_share_transformer_next_day,2024-12-31 00:01:00,2025-01-01,1,STP_345KV_1,COAS,3.1656623
zone_share_transformer_next_day,2024-12-31 00:01:00,2025-01-01,1,STP_345KV_2,COAS,0.0
zone_share_transformer_next_day,2024-12-31 00:01:00,2025-01-01,1,VET_138KV_1,COAS,0.0
zone_share_transformer_next_day,2024-12-31 00:01:00,2025-01-01,1,VET_138KV_2,COAS,0.0
zone_share_transformer_next_day,2024-12-31 00:01:00,2025-01-01,1,CAL_13KV_1,COAS,0.0
zone_share_transformer_next_day,2024-12-31 00:01:00,2025-01-01,1,CAL_138KV_1,COAS,0.0
zone_share_transformer_next_day,2024-12-31 00:01:00,2025-01-01,1,CAL_18KV_1,COAS,0.0
zone_share_transformer_next_day,2024-12-31 00:01:00,2025-01-01,1,MIDFIELD_69KV_1,COAS,0.0
zone_share_transformer_next_day,2024-12-31 00:01:00,2025-01-01,1,SB_138KV_1,COAS,14.569973
zone_share_transformer_next_day,2024-12-31 00:01:00,2025-01-01,1,INT_138KV_1,COAS,0.74860007
zone_share_transformer_next_day,2024-12-31 00:01:00,2025-01-01,1,FD_138KV_1,COAS,34.550655
zone_share_transformer_next_day,2024-12-31 00:01:00,2025-01-01,1,GG_138KV_1,COAS,17.747875
zone_share_transformer_next_day,2024-12-31 00:01:00,2025-01-01,1,GG_138KV_2,COAS,0.6416437
zone_share_transformer_next_day,2024-12-31 00:01:00,2025-01-01,1,GG_138KV_3,COAS,0.0
zone_share_transformer_next_day,2024-12-31 00:01:00,2025-01-01,1,GG_138KV_4,COAS,0.0
zone_share_transformer_next_day,2024-12-31 00:01:00,2025-01-01,1,INEZS_69KV_1,COAS,3.0313077
zone_share_transformer_next_day,2024-12-31 00:01:00,2025-01-01,1,DUP1_V_138KV_1,COAS,0.0
zone_share_transformer_next_day,2024-12-31 00:01:00,2025-01-01,1,DUP1_V_138KV_2,COAS,0.0
zone_share_transformer_next_day,2024-12-31 00:01:00,2025-01-01,1,ADK_138KV_1,COAS,32.379425
zone_share_transformer_next_day,2024-12-31 00:01:00,2025-01-01,1,ADK_138KV_2,COAS,11.214407
zone_share_transformer_next_day,2024-12-31 00:01:00,2025-01-01,1,ADK_345KV_1,COAS,0.0
zone_share_transformer_next_day,2024-12-31 00:01:00,2025-01-01,1,ADK_138KV_3,COAS,0.0
zone_share_transformer_next_day,2024-12-31 00:01:00,2025-01-01,1,ADK_1KV_1,COAS,0.0
zone_share_transformer_next_day,2024-12-31 00:01:00,2025-01-01,1,ADK_1KV_2,COAS,0.0
zone_share_transformer_next_day,2024-12-31 00:01:00,2025-01-01,1,ADK_23KV_1,COAS,0.0
zone_share_transformer_next_day,2024-12-31 00:01:00,2025-01-01,1,ADK_23KV_2,COAS,0.0
zone_share_transformer_next_day,2024-12-31 00:01:00,2025-01-01,1,PRS_69KV_1,COAS,0.0
zone_share_transformer_next_day,2024-12-31 00:01:00,2025-01-01,1,SEADRIFT_69KV_1,COAS,0.70500785
zone_share_transformer_next_day,2024-12-31 00:01:00,2025-01-01,1,SALTDOME_69KV_1,COAS,2.0146577
zone_share_transformer_next_day,2024-12-31 00:01:00,2025-01-01,1,TNNALVIN_138KV_1,COAS,3.648566
zone_share_transformer_next_day,2024-12-31 00:01:00,2025-01-01,1,RTW_345KV_1,COAS,0.0
zone_share_transformer_next_day,2024-12-31 00:01:00,2025-01-01,1,RTW_138KV_1,COAS,0.0
zone_share_transformer_next_day,2024-12-31 00:01:00,2025-01-01,1,RTW_23KV_1,COAS,0.0
zone_share_transformer_next_day,2024-12-31 00:01:00,2025-01-01,1,RTW_1KV_1,COAS,0.0
zone_share_transformer_next_day,2024-12-31 00:01:00,2025-01-01,1,RTW_1KV_2,COAS,0.0
zone_share_transformer_next_day,2024-12-31 00:01:00,2025-01-01,1,RTW_23KV_2,COAS,0.0
zone_share_transformer_next_day,2024-12-31 00:01:00,2025-01-01,1,MDO_345KV_1,COAS,0.0
zone_share_transformer_next_day,2024-12-31 00:01:00,2025-01-01,1,MDO_138KV_1,COAS,0.0
zone_share_transformer_next_day,2024-12-31 00:01:00,2025-01-01,1,MDO_1KV_1,COAS,0.0
zone_share_transformer_next_day,2024-12-31 00:01:00,2025-01-01,1,MDO_23KV_1,COAS,0.0
zone_share_transformer_next_day,2024-12-31 00:01:00,2025-01-01,1,MDO_138KV_2,COAS,0.0
zone_share_transformer_next_day,2024-12-31 00:01:00,2025-01-01,1,MDO_1KV_2,COAS,0.0
zone_share_transformer_next_day,2024-12-31 00:01:00,2025-01-01,1,MDO_23KV_2,COAS,0.0
zone_share_transformer_next_day,2024-12-31 00:01:00,2025-01-01,1,ZEN_345KV_1,COAS,0.0
zone_share_transformer_next_day,2024-12-31 00:01:00,2025-01-01,1,ZEN_138KV_1,COAS,0.0
zone_share_transformer_next_day,2024-12-31 00:01:00,2025-01-01,1,ZEN_1KV_1,COAS,0.0
zone_share_transformer_next_day,2024-12-31 00:01:00,2025-01-01,1,ZEN_23KV_1,COAS,0.0
zone_share_transformer_next_day,2024-12-31 00:01:00,2025-01-01,1,ZEN_1KV_2,COAS,0.0
zone_share_transformer_next_day,2024-12-31 00:01:00,2025-01-01,1,ZEN_23KV_2,COAS,0.0
zone_share_transformer_next_day,2024-12-31 00:01:00,2025-01-01,1,ZEN_1KV_3,COAS,0.0
zone_share_transformer_next_day,2024-12-31 00:01:00,2025-01-01,1,ZEN_23KV_3,COAS,0.0
zone_share_transformer_next_day,2024-12-31 00:01:00,2025-01-01,1,ZEN_345KV_2,COAS,0.0
zone_share_transformer_next_day,2024-12-31 00:01:00,2025-01-01,1,CRS_138KV_1,COAS,2.6982932
zone_share_transformer_next_day,2024-12-31 00:01:00,2025-01-01,1,DUN_138KV_1,COAS,82.811775
zone_share_transformer_next_day,2024-12-31 00:01:00,2025-01-01,1,MARKHMTP_69KV_1,COAS,0.0
zone_share_transformer_next_day,2024-12-31 00:01:00,2025-01-01,1,CLMVLTAP_69KV_1,COAS,0.0
zone_share_transformer_next_day,2024-12-31 00:01:00,2025-01-01,1,TRESPAL_69KV_1,COAS,0.057055924
zone_share_transformer_next_day,2024-12-31 00:01:00,2025-01-01,1,BL_CS_138KV_1,COAS,0.0
zone_share_transformer_next_day,2024-12-31 00:01:00,2025-01-01,1,SCR_138KV_1,COAS,14.553685
zone_share_transformer_next_day,2024-12-31 00:01:00,2025-01-01,1,DPO_138KV_1,COAS,28.547262
zone_share_transformer_next_day,2024-12-31 00:01:00,2025-01-01,1,LONETREE_69KV_1,COAS,3.841577
zone_share_transformer_next_day,2024-12-31 00:01:00,2025-01-01,1,TNTEPCOT_69KV_1,COAS,0.0
zone_share_transformer_next_day,2024-12-31 00:01:00,2025-01-01,1,TNMRTHPT_69KV_1,COAS,0.0
zone_share_transformer_next_day,2024-12-31 00:01:00,2025-01-01,1,RICEBI_138KV_1,COAS,0.0
zone_share_transformer_next_day,2024-12-31 00:01:00,2025-01-01,1,RICEBI_69KV_1,COAS,0.0
zone_share_transformer_next_day,2024-12-31 00:01:00,2025-01-01,1,BNS_138KV_1,COAS,1.1124964
zone_share_transformer_next_day,2024-12-31 00:01:00,2025-01-01,1,NOR_138KV_1,COAS,66.144295
zone_share_transformer_next_day,2024-12-31 00:01:00,2025-01-01,1,MLR_138KV_1,COAS,2.7245615
zone_share_transformer_next_day,2024-12-31 00:01:00,2025-01-01,1,ARC_138KV_1,COAS,0.0
zone_share_transformer_next_day,2024-12-31 00:01:00,2025-01-01,1,ARC_138KV_2,COAS,0.0
zone_share_transformer_next_day,2024-12-31 00:01:00,2025-01-01,1,TNSHELTP_69KV_1,COAS,0.7007709
zone_share_transformer_next_day,2024-12-31 00:01:00,2025-01-01,1,RLN_138KV_1,COAS,16.565895
zone_share_transformer_next_day,2024-12-31 00:01:00,2025-01-01,1,TNK_138KV_1,COAS,5.2558293
zone_share_transformer_next_day,2024-12-31 00:01:00,2025-01-01,1,TNK_138KV_2,COAS,5.23877
zone_share_transformer_next_day,2024-12-31 00:01:00,2025-01-01,1,PNPI_13KV_1,COAS,0.0
zone_share_transformer_next_day,2024-12-31 00:01:00,2025-01-01,1,PNPI_138KV_1,COAS,0.0
zone_share_transformer_next_day,2024-12-31 00:01:00,2025-01-01,1,JOR_138KV_1,COAS,0.0
zone_share_transformer_next_day,2024-12-31 00:01:00,2025-01-01,1,JOR_138KV_2,COAS,21.668917
zone_share_transformer_next_day,2024-12-31 00:01:00,2025-01-01,1,JOR_138KV_3,COAS,6.9077206
zone_share_transformer_next_day,2024-12-31 00:01:00,2025-01-01,1,JOR_345KV_1,COAS,0.0
zone_share_transformer_next_day,2024-12-31 00:01:00,2025-01-01,1,JOR_1KV_1,COAS,0.0
zone_share_transformer_next_day,2024-12-31 00:01:00,2025-01-01,1,JOR_23KV_1,COAS,0.0
zone_share_transformer_next_day,2024-12-31 00:01:00,2025-01-01,1,JOR_23KV_2,COAS,0.0
zone_share_transformer_next_day,2024-12-31 00:01:00,2025-01-01,1,JOR_1KV_2,COAS,0.0
zone_share_transformer_next_day,2024-12-31 00:01:00,2025-01-01,1,JOR_1KV_3,COAS,0.0
zone_share_transformer_next_day,2024-12-31 00:01:00,2025-01-01,1,JOR_23KV_3,COAS,0.0
zone_share_transformer_next_day,2024-12-31 00:01:00,2025-01-01,1,JOR_138KV_4,COAS,7.0759697
zone_share_transformer_next_day,2024-12-31 00:01:00,2025-01-01,1,LAN_138KV_1,COAS,5.631212
zone_share_transformer_next_day,2024-12-31 00:01:00,2025-01-01,1,DOC_138KV_1,COAS,10.292662
zone_share_transformer_next_day,2024-12-31 00:01:00,2025-01-01,1,DOC_138KV_2,COAS,4.6780205
zone_share_transformer_next_day,2024-12-31 00:01:00,2025-01-01,1,DOC_138KV_3,COAS,0.0
zone_share_transformer_next_day,2024-12-31 00:01:00,2025-01-01,1,DOC_138KV_4,COAS,0.0
zone_share_transformer_next_day,2024-12-31 00:01:00,2025-01-01,1,DOC_138KV_5,COAS,0.0
zone_share_transformer_next_day,2024-12-31 00:01:00,2025-01-01,1,SPW_138KV_1,COAS,84.0479
zone_share_transformer_next_day,2024-12-31 00:01:00,2025-01-01,1,WKR_138KV_1,COAS,37.18615
zone_share_transformer_next_day,2024-12-31 00:01:00,2025-01-01,1,ETP_138KV_1,COAS,40.471195
zone_share_transformer_next_day,2024-12-31 00:01:00,2025-01-01,1,CPCSUB9_138KV_1,COAS,0.0
zone_share_transformer_next_day,2024-12-31 00:01:00,2025-01-01,1,FRY_138KV_1,COAS,0.0
zone_share_transformer_next_day,2024-12-31 00:01:00,2025-01-01,1,FRY_138KV_2,COAS,0.0
zone_share_transformer_next_day,2024-12-31 00:01:00,2025-01-01,1,FRY_138KV_3,COAS,51.420303
zone_share_transformer_next_day,2024-12-31 00:01:00,2025-01-01,1,FRY_138KV_4,COAS,27.04479
zone_share_transformer_next_day,2024-12-31 00:01:00,2025-01-01,1,BUTLR_RD_138KV_1,COAS,17.061792
zone_share_transformer_next_day,2024-12-31 00:01:00,2025-01-01,1,CLMCAVRN_69KV_1,COAS,1.357479
zone_share_transformer_next_day,2024-12-31 00:01:00,2025-01-01,1,BNT_69KV_1,COAS,0.4644503
zone_share_transformer_next_day,2024-12-31 00:01:00,2025-01-01,1,BNT_69KV_2,COAS,0.0
zone_share_transformer_next_day,2024-12-31 00:01:00,2025-01-01,1,COPSUB10_138KV_1,COAS,0.0
zone_share_transformer_next_day,2024-12-31 00:01:00,2025-01-01,1,RGR_138KV_1,COAS,21.698292
zone_share_transformer_next_day,2024-12-31 00:01:00,2025-01-01,1,MAGILL_138KV_1,COAS,0.0
zone_share_transformer_next_day,2024-12-31 00:01:00,2025-01-01,1,TENARIS_138KV_1,COAS,11.735066
zone_share_transformer_next_day,2024-12-31 00:01:00,2025-01-01,1,ALK_138KV_1,COAS,57.720913
zone_share_transformer_next_day,2024-12-31 00:01:00,2025-01-01,1,FM524_138KV_1,COAS,0.0
zone_share_transformer_next_day,2024-12-31 00:01:00,2025-01-01,1,FM524_69KV_1,COAS,0.0
zone_share_transformer_next_day,2024-12-31 00:01:00,2025-01-01,1,BAC_13KV_1,COAS,0.0
zone_share_transformer_next_day,2024-12-31 00:01:00,2025-01-01,1,BAC_13KV_2,COAS,0.0
zone_share_transformer_next_day,2024-12-31 00:01:00,2025-01-01,1,BAC_13KV_3,COAS,0.0
zone_share_transformer_next_day,2024-12-31 00:01:00,2025-01-01,1,BAC_13KV_4,COAS,0.0
zone_share_transformer_next_day,2024-12-31 00:01:00,2025-01-01,1,BAC_13KV_5,COAS,0.0
zone_share_transformer_next_day,2024-12-31 00:01:00,2025-01-01,1,BAC_13KV_6,COAS,0.0
zone_share_transformer_next_day,2024-12-31 00:01:00,2025-01-01,1,BAC_138KV_1,COAS,0.0
zone_share_transformer_next_day,2024-12-31 00:01:00,2025-01-01,1,BAC_1KV_1,COAS,0.0
zone_share_transformer_next_day,2024-12-31 00:01:00,2025-01-01,1,BAC_1KV_2,COAS,0.0
zone_share_transformer_next_day,2024-12-31 00:01:00,2025-01-01,1,BAC_1KV_3,COAS,0.0
zone_share_transformer_next_day,2024-12-31 00:01:00,2025-01-01,1,MOR_138KV_1,COAS,0.057055924
zone_share_transformer_next_day,2024-12-31 00:01:00,2025-01-01,1,MRE_138KV_1,COAS,30.25762
zone_share_transformer_next_day,2024-12-31 00:01:00,2025-01-01,1,VANHUM_69KV_1,COAS,0.17549874
zone_share_transformer_next_day,2024-12-31 00:01:00,2025-01-01,1,TAN_138KV_1,COAS,26.230564
zone_share_transformer_next_day,2024-12-31 00:01:00,2025-01-01,1,TAN_138KV_2,COAS,53.215664
zone_share_transformer_next_day,2024-12-31 00:01:00,2025-01-01,1,TAN_138KV_3,COAS,0.0
zone_share_transformer_next_day,2024-12-31 00:01:00,2025-01-01,1,TAN_138KV_4,COAS,0.0
zone_share_transformer_next_day,2024-12-31 00:01:00,2025-01-01,1,CAM_138KV_1,COAS,58.814587
zone_share_transformer_next_day,2024-12-31 00:01:00,2025-01-01,1,VANDRBLT_138KV_1,COAS,15.973681
zone_share_transformer_next_day,2024-12-31 00:01:00,2025-01-01,1,BLY_345KV_1,COAS,0.0
zone_share_transformer_next_day,2024-12-31 00:01:00,2025-01-01,1,CBECII_25KV_1,COAS,0.0
zone_share_transformer_next_day,2024-12-31 00:01:00,2025-01-01,1,CBECII_25KV_2,COAS,0.0
zone_share_transformer_next_day,2024-12-31 00:01:00,2025-01-01,1,CBECII_23KV_1,COAS,0.0
zone_share_transformer_next_day,2024-12-31 00:01:00,2025-01-01,1,CBECII_345KV_1,COAS,0.0
zone_share_transformer_next_day,2024-12-31 00:01:00,2025-01-01,1,SHROPSHI_69KV_1,COAS,5.063289
zone_share_transformer_next_day,2024-12-31 00:01:00,2025-01-01,1,STONERSY_138KV_1,COAS,0.0
zone_share_transformer_next_day,2024-12-31 00:01:00,2025-01-01,1,INV_TAP_138KV_1,COAS,0.0
zone_share_transformer_next_day,2024-12-31 00:01:00,2025-01-01,1,INV_TAP_138KV_2,COAS,0.0
zone_share_transformer_next_day,2024-12-31 00:01:00,2025-01-01,1,CPR_138KV_1,COAS,33.40238
zone_share_transformer_next_day,2024-12-31 00:01:00,2025-01-01,1,BUN_138KV_1,COAS,0.40739432
zone_share_transformer_next_day,2024-12-31 00:01:00,2025-01-01,1,GENESIS_69KV_1,COAS,0.0
zone_share_transformer_next_day,2024-12-31 00:01:00,2025-01-01,1,GENSISTF_69KV_1,COAS,0.74003226
zone_share_transformer_next_day,2024-12-31 00:01:00,2025-01-01,1,MIRAGE_13KV_1,COAS,0.0
zone_share_transformer_next_day,2024-12-31 00:01:00,2025-01-01,1,MIRAGE_138KV_1,COAS,0.0
zone_share_transformer_next_day,2024-12-31 00:01:00,2025-01-01,1,BNM_138KV_1,COAS,13.154215
zone_share_transformer_next_day,2024-12-31 00:01:00,2025-01-01,1,SDY_138KV_1,COAS,4.1262918
zone_share_transformer_next_day,2024-12-31 00:01:00,2025-01-01,1,JCK_345KV_1,COAS,0.0
zone_share_transformer_next_day,2024-12-31 00:01:00,2025-01-01,1,JCK_138KV_1,COAS,0.0
zone_share_transformer_next_day,2024-12-31 00:01:00,2025-01-01,1,JCK_1KV_1,COAS,0.0
zone_share_transformer_next_day,2024-12-31 00:01:00,2025-01-01,1,JCK_1KV_2,COAS,0.0
zone_share_transformer_next_day,2024-12-31 00:01:00,2025-01-01,1,JCK_23KV_1,COAS,0.0
zone_share_transformer_next_day,2024-12-31 00:01:00,2025-01-01,1,JCK_23KV_2,COAS,0.0
zone_share_transformer_next_day,2024-12-31 00:01:00,2025-01-01,1,JCK_1KV_3,COAS,0.0
zone_share_transformer_next_day,2024-12-31 00:01:00,2025-01-01,1,JCK_23KV_3,COAS,0.0
zone_share_transformer_next_day,2024-12-31 00:01:00,2025-01-01,1,JCK_138KV_2,COAS,2.5477185
zone_share_transformer_next_day,2024-12-31 00:01:00,2025-01-01,1,JCK_138KV_3,COAS,4.709373
zone_share_transformer_next_day,2024-12-31 00:01:00,2025-01-01,1,JCK_138KV_4,COAS,3.065673
zone_share_transformer_next_day,2024-12-31 00:01:00,2025-01-01,1,JCK_138KV_5,COAS,0.0
zone_share_transformer_next_day,2024-12-31 00:01:00,2025-01-01,1,FEGC_13KV_1,COAS,0.0
zone_share_transformer_next_day,2024-12-31 00:01:00,2025-01-01,1,FEGC_138KV_1,COAS,0.0
zone_share_transformer_next_day,2024-12-31 00:01:00,2025-01-01,1,FEGC_138KV_2,COAS,0.0
zone_share_transformer_next_day,2024-12-31 00:01:00,2025-01-01,1,MAINLAND_138KV_1,COAS,6.999142
zone_share_transformer_next_day,2024-12-31 00:01:00,2025-01-01,1,CALHOUN_138KV_1,COAS,0.0
zone_share_transformer_next_day,2024-12-31 00:01:00,2025-01-01,1,CALHOUN_13KV_1,COAS,0.0
zone_share_transformer_next_day,2024-12-31 00:01:00,2025-01-01,1,CALHOUN_13KV_2,COAS,0.0
zone_share_transformer_next_day,2024-12-31 00:01:00,2025-01-01,1,OYS_138KV_1,COAS,0.0
zone_share_transformer_next_day,2024-12-31 00:01:00,2025-01-01,1,CHAMON_13KV_1,COAS,0.0
zone_share_transformer_next_day,2024-12-31 00:01:00,2025-01-01,1,CHAMON_13KV_2,COAS,0.0
zone_share_transformer_next_day,2024-12-31 00:01:00,2025-01-01,1,CHAMON_138KV_1,COAS,0.0
zone_share_transformer_next_day,2024-12-31 00:01:00,2025-01-01,1,CTZ_138KV_1,COAS,578.5344
zone_share_transformer_next_day,2024-12-31 00:01:00,2025-01-01,1,LEVEE_138KV_1,COAS,0.0
zone_share_transformer_next_day,2024-12-31 00:01:00,2025-01-01,1,LEVEE_138KV_2,COAS,0.0
zone_share_transformer_next_day,2024-12-31 00:01:00,2025-01-01,1,LEVEE_13KV_1,COAS,0.0
zone_share_transformer_next_day,2024-12-31 00:01:00,2025-01-01,1,VCR_138KV_1,COAS,15.667594
zone_share_transformer_next_day,2024-12-31 00:01:00,2025-01-01,1,VCR_138KV_2,COAS,27.109472
zone_share_transformer_next_day,2024-12-31 00:01:00,2025-01-01,1,HUD_138KV_1,COAS,0.0
zone_share_transformer_next_day,2024-12-31 00:01:00,2025-01-01,1,HUD_13KV_1,COAS,0.0
zone_share_transformer_next_day,2024-12-31 00:01:00,2025-01-01,1,HUD_13KV_2,COAS,0.0
zone_share_transformer_next_day,2024-12-31 00:01:00,2025-01-01,1,HUD_138KV_2,COAS,0.0
zone_share_transformer_next_day,2024-12-31 00:01:00,2025-01-01,1,HUD_138KV_3,COAS,0.0
zone_share_transformer_next_day,2024-12-31 00:01:00,2025-01-01,1,HUD_138KV_4,COAS,0.0
zone_share_transformer_next_day,2024-12-31 00:01:00,2025-01-01,1,HUD_138KV_5,COAS,0.0
zone_share_transformer_next_day,2024-12-31 00:01:00,2025-01-01,1,HDNLAKES_138KV_1,COAS,4.7525887
zone_share_transformer_next_day,2024-12-31 00:01:00,2025-01-01,1,MPLTANKF_138KV_1,COAS,0.5167045
zone_share_transformer_next_day,2024-12-31 00:01:00,2025-01-01,1,DER_138KV_1,COAS,0.1535614
zone_share_transformer_next_day,2024-12-31 00:01:00,2025-01-01,1,RUPLETP_138KV_1,COAS,0.0
zone_share_transformer_next_day,2024-12-31 00:01:00,2025-01-01,1,VICTPORT_138KV_1,COAS,0.0
zone_share_transformer_next_day,2024-12-31 00:01:00,2025-01-01,1,VICTPORT_13KV_1,COAS,0.0
zone_share_transformer_next_day,2024-12-31 00:01:00,2025-01-01,1,VICTPORT_13KV_2,COAS,0.0
zone_share_transformer_next_day,2024-12-31 00:01:00,2025-01-01,1,GLO_138KV_1,COAS,32.039536
zone_share_transformer_next_day,2024-12-31 00:01:00,2025-01-01,1,WML_138KV_1,COAS,5.2932076
zone_share_transformer_next_day,2024-12-31 00:01:00,2025-01-01,1,RED_138KV_1,COAS,10.030732
zone_share_transformer_next_day,2024-12-31 00:01:00,2025-01-01,1,PAT_138KV_1,COAS,12.777326
zone_share_transformer_next_day,2024-12-31 00:01:00,2025-01-01,1,DAL_138KV_1,COAS,50.388664
zone_share_transformer_next_day,2024-12-31 00:01:00,2025-01-01,1,CWS_138KV_1,COAS,36.46024
zone_share_transformer_next_day,2024-12-31 00:01:00,2025-01-01,1,RUS_138KV_1,COAS,30.650047
zone_share_transformer_next_day,2024-12-31 00:01:00,2025-01-01,1,CORICHI_138KV_1,COAS,0.0
zone_share_transformer_next_day,2024-12-31 00:01:00,2025-01-01,1,PRK_138KV_1,COAS,0.0
zone_share_transformer_next_day,2024-12-31 00:01:00,2025-01-01,1,CITYVICT_138KV_1,COAS,0.0
zone_share_transformer_next_day,2024-12-31 00:01:00,2025-01-01,1,CITYVICT_13KV_1,COAS,0.0
zone_share_transformer_next_day,2024-12-31 00:01:00,2025-01-01,1,CITYVICT_13KV_2,COAS,0.0
zone_share_transformer_next_day,2024-12-31 00:01:00,2025-01-01,1,GAR_138KV_1,COAS,16.834793
zone_share_transformer_next_day,2024-12-31 00:01:00,2025-01-01,1,REF_345KV_1,COAS,0.0
zone_share_transformer_next_day,2024-12-31 00:01:00,2025-01-01,1,REF_345KV_2,COAS,0.0
zone_share_transformer_next_day,2024-12-31 00:01:00,2025-01-01,1,PEY_345KV_1,COAS,0.0
zone_share_transformer_next_day,2024-12-31 00:01:00,2025-01-01,1,PEY_34KV_1,COAS,0.0
zone_share_transformer_next_day,2024-12-31 00:01:00,2025-01-01,1,RIG_138KV_1,COAS,94.856964
zone_share_transformer_next_day,2024-12-31 00:01:00,2025-01-01,1,HOP_138KV_1,COAS,61.740246
zone_share_transformer_next_day,2024-12-31 00:01:00,2025-01-01,1,CITYVITP_138KV_1,COAS,0.0
zone_share_transformer_next_day,2024-12-31 00:01:00,2025-01-01,1,PAVLOV_138KV_1,COAS,0.495332
zone_share_transformer_next_day,2024-12-31 00:01:00,2025-01-01,1,PAVLOV_138KV_2,COAS,1.6904937
zone_share_transformer_next_day,2024-12-31 00:01:00,2025-01-01,1,ESPERANZ_138KV_1,COAS,28.736319
zone_share_transformer_next_day,2024-12-31 00:01:00,2025-01-01,1,LAK_138KV_1,COAS,32.05733
zone_share_transformer_next_day,2024-12-31 00:01:00,2025-01-01,1,LIM_138KV_1,COAS,22.34022
zone_share_transformer_next_day,2024-12-31 00:01:00,2025-01-01,1,BKE_138KV_1,COAS,0.0
zone_share_transformer_next_day,2024-12-31 00:01:00,2025-01-01,1,LINVILLE_138KV_1,COAS,0.0
zone_share_transformer_next_day,2024-12-31 00:01:00,2025-01-01,1,PRXSWNY_138KV_1,COAS,13.354853
zone_share_transformer_next_day,2024-12-31 00:01:00,2025-01-01,1,P66SUB6_69KV_1,COAS,0.0
zone_share_transformer_next_day,2024-12-31 00:01:00,2025-01-01,1,PES1_138KV_1,COAS,0.0
zone_share_transformer_next_day,2024-12-31 00:01:00,2025-01-01,1,ATTWATER_138KV_1,COAS,0.0
zone_share_transformer_next_day,2024-12-31 00:01:00,2025-01-01,1,MCK_138KV_1,COAS,2.4620664
zone_share_transformer_next_day,2024-12-31 00:01:00,2025-01-01,1,BLACKCAT_138KV_1,COAS,6.2291694
zone_share_transformer_next_day,2024-12-31 00:01:00,2025-01-01,1,TOPAZ_13KV_1,COAS,0.0
zone_share_transformer_next_day,2024-12-31 00:01:00,2025-01-01,1,TOPAZ_138KV_1,COAS,0.0
zone_share_transformer_next_day,2024-12-31 00:01:00,2025-01-01,1,TOPAZ_13KV_2,COAS,0.0
zone_share_transformer_next_day,2024-12-31 00:01:00,2025-01-01,1,TOPAZ_13KV_3,COAS,0.0
zone_share_transformer_next_day,2024-12-31 00:01:00,2025-01-01,1,TOPAZ_13KV_4,COAS,0.0
zone_share_transformer_next_day,2024-12-31 00:01:00,2025-01-01,1,TOPAZ_13KV_5,COAS,0.0
zone_share_transformer_next_day,2024-12-31 00:01:00,2025-01-01,1,TOPAZ_13KV_6,COAS,0.0
zone_share_transformer_next_day,2024-12-31 00:01:00,2025-01-01,1,TOPAZ_13KV_7,COAS,0.0
zone_share_transformer_next_day,2024-12-31 00:01:00,2025-01-01,1,TOPAZ_13KV_8,COAS,0.0
zone_share_transformer_next_day,2024-12-31 00:01:00,2025-01-01,1,TOPAZ_13KV_9,COAS,0.0
zone_share_transformer_next_day,2024-12-31 00:01:00,2025-01-01,1,TOPAZ_13KV_10,COAS,0.0
zone_share_transformer_next_day,2024-12-31 00:01:00,2025-01-01,1,BOG_138KV_1,COAS,0.0
zone_share_transformer_next_day,2024-12-31 00:01:00,2025-01-01,1,BOG_34KV_1,COAS,0.0
zone_share_transformer_next_day,2024-12-31 00:01:00,2025-01-01,1,BOG_34KV_2,COAS,0.0
zone_share_transformer_next_day,2024-12-31 00:01:00,2025-01-01,1,BOG_12KV_1,COAS,0.0
zone_share_transformer_next_day,2024-12-31 00:01:00,2025-01-01,1,BOG_12KV_2,COAS,0.0
zone_share_transformer_next_day,2024-12-31 00:01:00,2025-01-01,1,BOG_12KV_3,COAS,0.0
zone_share_transformer_next_day,2024-12-31 00:01:00,2025-01-01,1,BOG_12KV_4,COAS,0.0
zone_share_transformer_next_day,2024-12-31 00:01:00,2025-01-01,1,BOG_1KV_1,COAS,0.0
zone_share_transformer_next_day,2024-12-31 00:01:00,2025-01-01,1,BOG_1KV_2,COAS,0.0
zone_share_transformer_next_day,2024-12-31 00:01:00,2025-01-01,1,BOG_1KV_3,COAS,0.0
zone_share_transformer_next_day,2024-12-31 00:01:00,2025-01-01,1,BOG_1KV_4,COAS,0.0
zone_share_transformer_next_day,2024-12-31 00:01:00,2025-01-01,1,BOG_12KV_5,COAS,0.0
zone_share_transformer_next_day,2024-12-31 00:01:00,2025-01-01,1,BOG_12KV_6,COAS,0.0
zone_share_transformer_next_day,2024-12-31 00:01:00,2025-01-01,1,BOG_12KV_7,COAS,0.0
zone_share_transformer_next_day,2024-12-31 00:01:00,2025-01-01,1,BOG_12KV_8,COAS,0.0
zone_share_transformer_next_day,2024-12-31 00:01:00,2025-01-01,1,BOG_138KV_2,COAS,0.0
zone_share_transformer_next_day,2024-12-31 00:01:00,2025-01-01,1,SANDCRAB_138KV_1,COAS,5.0117884
zone_share_transformer_next_day,2024-12-31 00:01:00,2025-01-01,1,SANDCRAB_138KV_2,COAS,0.0
zone_share_transformer_next_day,2024-12-31 00:01:00,2025-01-01,1,LBM3_138KV_1,COAS,0.0
zone_share_transformer_next_day,2024-12-31 00:01:00,2025-01-01,1,GAMBIT_34KV_1,COAS,0.7578269
zone_share_transformer_next_day,2024-12-31 00:01:00,2025-01-01,1,GAMBIT_138KV_1,COAS,0.0
zone_share_transformer_next_day,2024-12-31 00:01:00,2025-01-01,1,ENC_138KV_1,COAS,6.083705
zone_share_transformer_next_day,2024-12-31 00:01:00,2025-01-01,1,WOR_138KV_1,COAS,0.0
zone_share_transformer_next_day,2024-12-31 00:01:00,2025-01-01,1,WOR_138KV_2,COAS,20.838121
zone_share_transformer_next_day,2024-12-31 00:01:00,2025-01-01,1,WOR_138KV_3,COAS,29.52691
zone_share_transformer_next_day,2024-12-31 00:01:00,2025-01-01,1,WOR_138KV_4,COAS,23.501297
zone_share_transformer_next_day,2024-12-31 00:01:00,2025-01-01,1,PLN_34KV_1,COAS,0.0
zone_share_transformer_next_day,2024-12-31 00:01:00,2025-01-01,1,PLN_34KV_2,COAS,0.0
zone_share_transformer_next_day,2024-12-31 00:01:00,2025-01-01,1,PLN_345KV_1,COAS,0.0
zone_share_transformer_next_day,2024-12-31 00:01:00,2025-01-01,1,NCO_138KV_1,COAS,0.0
zone_share_transformer_next_day,2024-12-31 00:01:00,2025-01-01,1,NCO_34KV_1,COAS,0.5123735
zone_share_transformer_next_day,2024-12-31 00:01:00,2025-01-01,1,VICTPRT2_138KV_1,COAS,0.0
zone_share_transformer_next_day,2024-12-31 00:01:00,2025-01-01,1,VICTPRT2_13KV_1,COAS,0.0
zone_share_transformer_next_day,2024-12-31 00:01:00,2025-01-01,1,VICTPRT2_13KV_2,COAS,0.0
zone_share_transformer_next_day,2024-12-31 00:01:00,2025-01-01,1,EGL_138KV_1,COAS,0.0
zone_share_transformer_next_day,2024-12-31 00:01:00,2025-01-01,1,PLA_138KV_1,COAS,71.86871
zone_share_transformer_next_day,2024-12-31 00:01:00,2025-01-01,1,CCK_345KV_1,COAS,0.0
zone_share_transformer_next_day,2024-12-31 00:01:00,2025-01-01,1,BER_138KV_1,COAS,18.217882
zone_share_transformer_next_day,2024-12-31 00:01:00,2025-01-01,1,BCK_345KV_1,COAS,0.0
zone_share_transformer_next_day,2024-12-31 00:01:00,2025-01-01,1,BCK_34KV_1,COAS,0.0
zone_share_transformer_next_day,2024-12-31 00:01:00,2025-01-01,1,BCK_34KV_2,COAS,0.0
zone_share_transformer_next_day,2024-12-31 00:01:00,2025-01-01,1,RAB_13KV_1,COAS,0.0
zone_share_transformer_next_day,2024-12-31 00:01:00,2025-01-01,1,RAB_13KV_2,COAS,0.0
zone_share_transformer_next_day,2024-12-31 00:01:00,2025-01-01,1,RAB_13KV_3,COAS,0.0
zone_share_transformer_next_day,2024-12-31 00:01:00,2025-01-01,1,RAB_13KV_4,COAS,0.0
zone_share_transformer_next_day,2024-12-31 00:01:00,2025-01-01,1,RAB_13KV_5,COAS,0.0
zone_share_transformer_next_day,2024-12-31 00:01:00,2025-01-01,1,RAB_13KV_6,COAS,0.0
zone_share_transformer_next_day,2024-12-31 00:01:00,2025-01-01,1,RAB_13KV_7,COAS,0.0
zone_share_transformer_next_day,2024-12-31 00:01:00,2025-01-01,1,RAB_13KV_8,COAS,0.0
zone_share_transformer_next_day,2024-12-31 00:01:00,2025-01-01,1,RAB_1KV_1,COAS,0.0
zone_share_transformer_next_day,2024-12-31 00:01:00,2025-01-01,1,RAB_1KV_2,COAS,0.0
zone_share_transformer_next_day,2024-12-31 00:01:00,2025-01-01,1,RAB_1KV_3,COAS,0.0
zone_share_transformer_next_day,2024-12-31 00:01:00,2025-01-01,1,RAB_1KV_4,COAS,0.0
zone_share_transformer_next_day,2024-12-31 00:01:00,2025-01-01,1,RAB_345KV_1,COAS,0.0
zone_share_transformer_next_day,2024-12-31 00:01:00,2025-01-01,1,SAN_138KV_1,COAS,0.0
zone_share_transformer_next_day,2024-12-31 00:01:00,2025-01-01,1,JAY_34KV_1,COAS,0.0
zone_share_transformer_next_day,2024-12-31 00:01:00,2025-01-01,1,JAY_345KV_1,COAS,0.0
zone_share_transformer_next_day,2024-12-31 00:01:00,2025-01-01,1,JAY_34KV_2,COAS,0.0
zone_share_transformer_next_day,2024-12-31 00:01:00,2025-01-01,1,WLF_345KV_1,COAS,0.0
zone_share_transformer_next_day,2024-12-31 00:01:00,2025-01-01,1,PRO_13KV_1,COAS,0.0
zone_share_transformer_next_day,2024-12-31 00:01:00,2025-01-01,1,PRO_13KV_2,COAS,0.0
zone_share_transformer_next_day,2024-12-31 00:01:00,2025-01-01,1,PRO_13KV_3,COAS,0.0
zone_share_transformer_next_day,2024-12-31 00:01:00,2025-01-01,1,PRO_13KV_4,COAS,0.0
zone_share_transformer_next_day,2024-12-31 00:01:00,2025-01-01,1,PRO_13KV_5,COAS,0.0
zone_share_transformer_next_day,2024-12-31 00:01:00,2025-01-01,1,PRO_13KV_6,COAS,0.0
zone_share_transformer_next_day,2024-12-31 00:01:00,2025-01-01,1,PRO_13KV_7,COAS,0.0
zone_share_transformer_next_day,2024-12-31 00:01:00,2025-01-01,1,PRO_13KV_8,COAS,0.0
zone_share_transformer_next_day,2024-12-31 00:01:00,2025-01-01,1,PRO_138KV_1,COAS,0.0
zone_share_transformer_next_day,2024-12-31 00:01:00,2025-01-01,1,HUG_138KV_1,COAS,0.0
zone_share_transformer_next_day,2024-12-31 00:01:00,2025-01-01,1,RVR_138KV_1,COAS,0.0
zone_share_transformer_next_day,2024-12-31 00:01:00,2025-01-01,1,BEA_138KV_1,COAS,0.0
zone_share_transformer_next_day,2024-12-31 00:01:00,2025-01-01,1,SBE_138KV_1,COAS,0.0
zone_share_transformer_next_day,2024-12-31 00:01:00,2025-01-01,1,SBE_34KV_1,COAS,0.0
zone_share_transformer_next_day,2024-12-31 00:01:00,2025-01-01,1,MYK_138KV_1,COAS,8.462447
zone_share_transformer_next_day,2024-12-31 00:01:00,2025-01-01,1,WLY_345KV_1,COAS,0.0
zone_share_transformer_next_day,2024-12-31 00:01:00,2025-01-01,1,TAV_34KV_1,COAS,0.0
zone_share_transformer_next_day,2024-12-31 00:01:00,2025-01-01,1,TAV_34KV_2,COAS,0.0
zone_share_transformer_next_day,2024-12-31 00:01:00,2025-01-01,1,TAV_138KV_1,COAS,0.0
zone_share_transformer_next_day,2024-12-31 00:01:00,2025-01-01,1,LON_34KV_1,COAS,0.0
zone_share_transformer_next_day,2024-12-31 00:01:00,2025-01-01,1,LON_138KV_1,COAS,0.0
zone_share_transformer_next_day,2024-12-31 00:01:00,2025-01-01,1,LON_34KV_2,COAS,0.057055924
zone_share_transformer_next_day,2024-12-31 00:01:00,2025-01-01,1,BCH_13KV_1,COAS,0.0
zone_share_transformer_next_day,2024-12-31 00:01:00,2025-01-01,1,BCH_13KV_2,COAS,0.0
zone_share_transformer_next_day,2024-12-31 00:01:00,2025-01-01,1,BCH_13KV_3,COAS,0.0
zone_share_transformer_next_day,2024-12-31 00:01:00,2025-01-01,1,BCH_13KV_4,COAS,0.0
zone_share_transformer_next_day,2024-12-31 00:01:00,2025-01-01,1,BCH_13KV_5,COAS,0.0
zone_share_transformer_next_day,2024-12-31 00:01:00,2025-01-01,1,BCH_13KV_6,COAS,0.0
zone_share_transformer_next_day,2024-12-31 00:01:00,2025-01-01,1,BCH_138KV_1,COAS,0.0
zone_share_transformer_next_day,2024-12-31 00:01:00,2025-01-01,1,BCH_13KV_7,COAS,0.0
zone_share_transformer_next_day,2024-12-31 00:01:00,2025-01-01,1,BCH_13KV_8,COAS,0.0
zone_share_transformer_next_day,2024-12-31 00:01:00,2025-01-01,1,DAB_138KV_1,COAS,0.0
zone_share_transformer_next_day,2024-12-31 00:01:00,2025-01-01,1,CAYCE_69KV_1,COAS,0.0
zone_share_transformer_next_day,2024-12-31 00:01:00,2025-01-01,1,CATTAIL_138KV_1,COAS,20.747643
zone_share_transformer_next_day,2024-12-31 00:01:00,2025-01-01,1,CATTAIL_138KV_2,COAS,0.0
zone_share_transformer_next_day,2024-12-31 00:01:00,2025-01-01,1,CATTAIL_138KV_3,COAS,0.0
zone_share_transformer_next_day,2024-12-31 00:01:00,2025-01-01,1,LIG_13KV_1,COAS,0.0
zone_share_transformer_next_day,2024-12-31 00:01:00,2025-01-01,1,LIG_13KV_2,COAS,0.0
zone_share_transformer_next_day,2024-12-31 00:01:00,2025-01-01,1,LIG_138KV_1,COAS,0.0
zone_share_transformer_next_day,2024-12-31 00:01:00,2025-01-01,1,LIG_138KV_2,COAS,0.0
zone_share_transformer_next_day,2024-12-31 00:01:00,2025-01-01,1,ROW_34KV_1,COAS,0.0
zone_share_transformer_next_day,2024-12-31 00:01:00,2025-01-01,1,ROW_345KV_1,COAS,0.0
zone_share_transformer_next_day,2024-12-31 00:01:00,2025-01-01,1,ROW_34KV_2,COAS,0.0
zone_share_transformer_next_day,2024-12-31 00:01:00,2025-01-01,1,DAG_138KV_1,COAS,0.0
zone_share_transformer_next_day,2024-12-31 00:01:00,2025-01-01,1,DAG_34KV_1,COAS,0.0
zone_share_transformer_next_day,2024-12-31 00:01:00,2025-01-01,1,DAG_34KV_2,COAS,0.0
zone_share_transformer_next_day,2024-12-31 00:01:00,2025-01-01,1,BYRDR_ES_34KV_1,COAS,0.23198976
zone_share_transformer_next_day,2024-12-31 00:01:00,2025-01-01,1,BYRDR_ES_138KV_1,COAS,0.0
zone_share_transformer_next_day,2024-12-31 00:01:00,2025-01-01,1,GALOW_138KV_1,COAS,0.0
zone_share_transformer_next_day,2024-12-31 00:01:00,2025-01-01,1,STL_138KV_1,COAS,33.625805
zone_share_transformer_next_day,2024-12-31 00:01:00,2025-01-01,1,MUSTNGCK_138KV_1,COAS,0.0
zone_share_transformer_next_day,2024-12-31 00:01:00,2025-01-01,1,MUSTNGCK_34KV_1,COAS,0.0307876
zone_share_transformer_next_day,2024-12-31 00:01:00,2025-01-01,1,MUSTNGCK_34KV_2,COAS,0.0
zone_share_transformer_next_day,2024-12-31 00:01:00,2025-01-01,1,GLF_138KV_1,COAS,0.0
zone_share_transformer_next_day,2024-12-31 00:01:00,2025-01-01,1,ARROZ_138KV_1,COAS,0.0
zone_share_transformer_next_day,2024-12-31 00:01:00,2025-01-01,1,MYR_138KV_1,COAS,0.0
zone_share_transformer_next_day,2024-12-31 00:01:00,2025-01-01,1,MYR_34KV_1,COAS,0.0
zone_share_transformer_next_day,2024-12-31 00:01:00,2025-01-01,1,MYR_34KV_2,COAS,0.0
zone_share_transformer_next_day,2024-12-31 00:01:00,2025-01-01,1,MYR_34KV_3,COAS,0.0
zone_share_transformer_next_day,2024-12-31 00:01:00,2025-01-01,1,MYR_34KV_4,COAS,0.9284297
zone_share_transformer_next_day,2024-12-31 00:01:00,2025-01-01,1,MYR_34KV_5,COAS,0.0
zone_share_transformer_next_day,2024-12-31 00:01:00,2025-01-01,1,TGS_138KV_1,COAS,0.0
zone_share_transformer_next_day,2024-12-31 00:01:00,2025-01-01,1,TGS_13KV_1,COAS,0.0
zone_share_transformer_next_day,2024-12-31 00:01:00,2025-01-01,1,ACH_138KV_1,COAS,0.0
zone_share_transformer_next_day,2024-12-31 00:01:00,2025-01-01,1,BTM_13KV_1,COAS,0.0
zone_share_transformer_next_day,2024-12-31 00:01:00,2025-01-01,1,BTM_13KV_2,COAS,0.0
zone_share_transformer_next_day,2024-12-31 00:01:00,2025-01-01,1,BTM_13KV_3,COAS,0.0
zone_share_transformer_next_day,2024-12-31 00:01:00,2025-01-01,1,BTM_13KV_4,COAS,0.0
zone_share_transformer_next_day,2024-12-31 00:01:00,2025-01-01,1,BTM_13KV_5,COAS,0.0
zone_share_transformer_next_day,2024-12-31 00:01:00,2025-01-01,1,BTM_13KV_6,COAS,0.0
zone_share_transformer_next_day,2024-12-31 00:01:00,2025-01-01,1,BTM_138KV_1,COAS,0.0
zone_share_transformer_next_day,2024-12-31 00:01:00,2025-01-01,1,BTM_13KV_7,COAS,0.0
zone_share_transformer_next_day,2024-12-31 00:01:00,2025-01-01,1,BTM_13KV_8,COAS,0.0
zone_share_transformer_next_day,2024-12-31 00:01:00,2025-01-01,1,DAN_345KV_1,COAS,0.0
zone_share_transformer_next_day,2024-12-31 00:01:00,2025-01-01,1,DAN_34KV_1,COAS,0.0
zone_share_transformer_next_day,2024-12-31 00:01:00,2025-01-01,1,DAN_34KV_2,COAS,0.385457
zone_share_transformer_next_day,2024-12-31 00:01:00,2025-01-01,1,DAN_34KV_3,COAS,0.40739432
zone_share_transformer_next_day,2024-12-31 00:01:00,2025-01-01,1,JON_138KV_1,COAS,0.0
zone_share_transformer_next_day,2024-12-31 00:01:00,2025-01-01,1,CHALMERS_138KV_1,COAS,0.84567046
zone_share_transformer_next_day,2024-12-31 00:01:00,2025-01-01,1,TREB_SLR_138KV_1,COAS,0.0
zone_share_transformer_next_day,2024-12-31 00:01:00,2025-01-01,1,TREB_SLR_34KV_1,COAS,0.0
zone_share_transformer_next_day,2024-12-31 00:01:00,2025-01-01,1,BROOKTAP_138KV_1,COAS,0.0
zone_share_transformer_next_day,2024-12-31 00:01:00,2025-01-01,1,HOL_34KV_1,COAS,0.0
zone_share_transformer_next_day,2024-12-31 00:01:00,2025-01-01,1,HOL_34KV_2,COAS,0.0
zone_share_transformer_next_day,2024-12-31 00:01:00,2025-01-01,1,HOL_345KV_1,COAS,0.0
zone_share_transformer_next_day,2024-12-31 00:01:00,2025-01-01,1,TWN_138KV_1,COAS,15.169249
zone_share_transformer_next_day,2024-12-31 00:01:00,2025-01-01,1,P66SUB2_69KV_1,COAS,0.0
zone_share_transformer_next_day,2024-12-31 00:01:00,2025-01-01,1,TORT_ESS_34KV_1,COAS,0.057055924
zone_share_transformer_next_day,2024-12-31 00:01:00,2025-01-01,1,TORT_ESS_138KV_1,COAS,0.0
zone_share_transformer_next_day,2024-12-31 00:01:00,2025-01-01,1,APTXCITY_34KV_1,COAS,0.0
zone_share_transformer_next_day,2024-12-31 00:01:00,2025-01-01,1,APTXCITY_34KV_2,COAS,0.0
zone_share_transformer_next_day,2024-12-31 00:01:00,2025-01-01,1,APTXCITY_138KV_1,COAS,0.0
zone_share_transformer_next_day,2024-12-31 00:01:00,2025-01-01,1,APTXCITY_13KV_1,COAS,0.0
zone_share_transformer_next_day,2024-12-31 00:01:00,2025-01-01,1,APTXCITY_138KV_2,COAS,0.0
zone_share_transformer_next_day,2024-12-31 00:01:00,2025-01-01,1,RBN_34KV_1,COAS,0.47311223
zone_share_transformer_next_day,2024-12-31 00:01:00,2025-01-01,1,RBN_138KV_1,COAS,0.0
zone_share_transformer_next_day,2024-12-31 00:01:00,2025-01-01,1,PHO_34KV_1,COAS,0.0
zone_share_transformer_next_day,2024-12-31 00:01:00,2025-01-01,1,PHO_34KV_2,COAS,0.0
zone_share_transformer_next_day,2024-12-31 00:01:00,2025-01-01,1,PHO_34KV_3,COAS,0.0
zone_share_transformer_next_day,2024-12-31 00:01:00,2025-01-01,1,PHO_34KV_4,COAS,0.0921745
zone_share_transformer_next_day,2024-12-31 00:01:00,2025-01-01,1,PHO_34KV_5,COAS,0.0
zone_share_transformer_next_day,2024-12-31 00:01:00,2025-01-01,1,PHO_34KV_6,COAS,0.0
zone_share_transformer_next_day,2024-12-31 00:01:00,2025-01-01,1,PHO_345KV_1,COAS,0.0
zone_share_transformer_next_day,2024-12-31 00:01:00,2025-01-01,1,PHO_1KV_1,COAS,0.0
zone_share_transformer_next_day,2024-12-31 00:01:00,2025-01-01,1,PHO_1KV_2,COAS,0.0
zone_share_transformer_next_day,2024-12-31 00:01:00,2025-01-01,1,PHO_1KV_3,COAS,0.0
zone_share_transformer_next_day,2024-12-31 00:01:00,2025-01-01,1,FUL_138KV_1,COAS,22.275347
zone_share_transformer_next_day,2024-12-31 00:01:00,2025-01-01,1,DNK_138KV_1,COAS,0.0
zone_share_transformer_next_day,2024-12-31 00:01:00,2025-01-01,1,CRAWFISH_34KV_1,COAS,0.0
zone_share_transformer_next_day,2024-12-31 00:01:00,2025-01-01,1,CRAWFISH_138KV_1,COAS,0.0
zone_share_transformer_next_day,2024-12-31 00:01:00,2025-01-01,1,SNU_138KV_1,COAS,0.0
zone_share_transformer_next_day,2024-12-31 00:01:00,2025-01-01,1,PYT_138KV_1,COAS,0.0
zone_share_transformer_next_day,2024-12-31 00:01:00,2025-01-01,1,MSS_345KV_1,COAS,0.0
zone_share_transformer_next_day,2024-12-31 00:01:00,2025-01-01,1,MSS_345KV_2,COAS,0.0
zone_share_transformer_next_day,2024-12-31 00:01:00,2025-01-01,1,RIOCOL_69KV_1,COAS,0.6308163
zone_share_transformer_next_day,2024-12-31 00:01:00,2025-01-01,1,RIOCOL_69KV_2,COAS,0.0
zone_share_transformer_next_day,2024-12-31 00:01:00,2025-01-01,1,RIOCOL_69KV_3,COAS,0.0
zone_share_transformer_next_day,2024-12-31 00:01:00,2025-01-01,1,RIOCOLTP_69KV_1,COAS,0.0
zone_share_transformer_next_day,2024-12-31 00:01:00,2025-01-01,1,RIOCOLTP_69KV_2,COAS,0.0
zone_share_transformer_next_day,2024-12-31 00:01:00,2025-01-01,1,SBK_138KV_1,COAS,0.0
zone_share_transformer_next_day,2024-12-31 00:01:00,2025-01-01,1,SBK_138KV_2,COAS,0.0
zone_share_transformer_next_day,2024-12-31 00:01:00,2025-01-01,1,SBK_138KV_3,COAS,0.0
zone_share_transformer_next_day,2024-12-31 00:01:00,2025-01-01,1,SBK_138KV_4,COAS,0.0
zone_share_transformer_next_day,2024-12-31 00:01:00,2025-01-01,1,SBK_138KV_5,COAS,0.0
zone_share_transformer_next_day,2024-12-31 00:01:00,2025-01-01,1,SBK_138KV_6,COAS,0.0
zone_share_transformer_next_day,2024-12-31 00:01:00,2025-01-01,1,HLY_34KV_1,COAS,0.0
zone_share_transformer_next_day,2024-12-31 00:01:00,2025-01-01,1,HLY_34KV_2,COAS,0.0
zone_share_transformer_next_day,2024-12-31 00:01:00,2025-01-01,1,HLY_138KV_1,COAS,0.0
zone_share_transformer_next_day,2024-12-31 00:01:00,2025-01-01,1,ADL_34KV_1,COAS,0.0
zone_share_transformer_next_day,2024-12-31 00:01:00,2025-01-01,1,ADL_138KV_1,COAS,0.0
zone_share_transformer_next_day,2024-12-31 00:01:00,2025-01-01,1,DMA_34KV_1,COAS,0.0
zone_share_transformer_next_day,2024-12-31 00:01:00,2025-01-01,1,DMA_138KV_1,COAS,0.0
zone_share_transformer_next_day,2024-12-31 00:01:00,2025-01-01,1,JAR_34KV_1,COAS,0.0
zone_share_transformer_next_day,2024-12-31 00:01:00,2025-01-01,1,JAR_34KV_2,COAS,0.0
zone_share_transformer_next_day,2024-12-31 00:01:00,2025-01-01,1,JAR_345KV_1,COAS,0.0
zone_share_transformer_next_day,2024-12-31 00:01:00,2025-01-01,1,SPE_138KV_1,COAS,0.0
zone_share_transformer_next_day,2024-12-31 00:01:00,2025-01-01,1,SPE_138KV_2,COAS,0.0
zone_share_transformer_next_day,2024-12-31 00:01:00,2025-01-01,1,JAGUAR_138KV_1,COAS,0.0
zone_share_transformer_next_day,2024-12-31 00:01:00,2025-01-01,1,JAGUAR_138KV_2,COAS,0.0
zone_share_transformer_next_day,2024-12-31 00:01:00,2025-01-01,1,PCT_34KV_1,COAS,0.0
zone_share_transformer_next_day,2024-12-31 00:01:00,2025-01-01,1,PCT_345KV_1,COAS,0.0
zone_share_transformer_next_day,2024-12-31 00:01:00,2025-01-01,1,PCT_345KV_2,COAS,0.0
zone_share_transformer_next_day,2024-12-31 00:01:00,2025-01-01,1,BET_138KV_1,COAS,1.2266082
zone_share_transformer_next_day,2024-12-31 00:01:00,2025-01-01,1,HLJ_345KV_1,COAS,0.0
zone_share_transformer_next_day,2024-12-31 00:01:00,2025-01-01,1,PTCOMFOR_69KV_1,COAS,0.70500785
zone_share_transformer_next_day,2024-12-31 00:01:00,2025-01-01,1,VISTRON_138KV_1,COAS,0.0
zone_share_transformer_next_day,2024-12-31 00:01:00,2025-01-01,1,VISTRON_138KV_2,COAS,0.0
zone_share_transformer_next_day,2024-12-31 00:01:00,2025-01-01,1,VISTRON_13KV_1,COAS,0.0
zone_share_transformer_next_day,2024-12-31 00:01:00,2025-01-01,1,BU_138KV_1,COAS,12.202812
zone_share_transformer_next_day,2024-12-31 00:01:00,2025-01-01,1,DR_138KV_1,COAS,18.552402
zone_share_transformer_next_day,2024-12-31 00:01:00,2025-01-01,1,DR_138KV_2,COAS,5.3502636
zone_share_transformer_next_day,2024-12-31 00:01:00,2025-01-01,1,HUN_138KV_1,COAS,64.32669
zone_share_transformer_next_day,2024-12-31 00:01:00,2025-01-01,1,KW_138KV_1,COAS,35.045326
zone_share_transformer_next_day,2024-12-31 00:01:00,2025-01-01,1,BM_138KV_1,COAS,13.679863
zone_share_transformer_next_day,2024-12-31 00:01:00,2025-01-01,1,BM_138KV_2,COAS,6.3893356
zone_share_transformer_next_day,2024-12-31 00:01:00,2025-01-01,1,BM_138KV_3,COAS,7.4200997
zone_share_transformer_next_day,2024-12-31 00:01:00,2025-01-01,1,PK_138KV_1,COAS,52.046207
zone_share_transformer_next_day,2024-12-31 00:01:00,2025-01-01,1,PK_138KV_2,COAS,9.243812
zone_share_transformer_next_day,2024-12-31 00:01:00,2025-01-01,1,WD_138KV_1,COAS,17.315342
zone_share_transformer_next_day,2024-12-31 00:01:00,2025-01-01,1,WD_138KV_2,COAS,0.0
zone_share_transformer_next_day,2024-12-31 00:01:00,2025-01-01,1,WD_138KV_3,COAS,15.886497
zone_share_transformer_next_day,2024-12-31 00:01:00,2025-01-01,1,WD_138KV_4,COAS,0.0
zone_share_transformer_next_day,2024-12-31 00:01:00,2025-01-01,1,FORTRSW_69KV_1,COAS,0.0
zone_share_transformer_next_day,2024-12-31 00:01:00,2025-01-01,1,LB_138KV_1,COAS,9.408955
zone_share_transformer_next_day,2024-12-31 00:01:00,2025-01-01,1,LB_138KV_2,COAS,11.667277
zone_share_transformer_next_day,2024-12-31 00:01:00,2025-01-01,1,LB_138KV_3,COAS,12.159878
zone_share_transformer_next_day,2024-12-31 00:01:00,2025-01-01,1,LB_138KV_4,COAS,0.0
zone_share_transformer_next_day,2024-12-31 00:01:00,2025-01-01,1,SUNNYS_69KV_1,COAS,3.570326
zone_share_transformer_next_day,2024-12-31 00:01:00,2025-01-01,1,SUNNYS_69KV_2,COAS,0.0
zone_share_transformer_next_day,2024-12-31 00:01:00,2025-01-01,1,BV_138KV_1,COAS,22.324497
zone_share_transformer_next_day,2024-12-31 00:01:00,2025-01-01,1,PLACEDO_69KV_1,COAS,3.0529623
zone_share_transformer_next_day,2024-12-31 00:01:00,2025-01-01,1,CLEMVILL_69KV_1,COAS,0.0307876
zone_share_transformer_next_day,2024-12-31 00:01:00,2025-01-01,1,BEN_138KV_1,COAS,1.4634938
zone_share_transformer_next_day,2024-12-31 00:01:00,2025-01-01,1,BAR_138KV_1,COAS,17.198689
zone_share_transformer_next_day,2024-12-31 00:01:00,2025-01-01,1,BAR_138KV_2,COAS,42.176376
zone_share_transformer_next_day,2024-12-31 00:01:00,2025-01-01,1,BAR_138KV_3,COAS,0.0
zone_share_transformer_next_day,2024-12-31 00:01:00,2025-01-01,1,ME_138KV_1,COAS,15.235532
zone_share_transformer_next_day,2024-12-31 00:01:00,2025-01-01,1,ME_138KV_2,COAS,6.597303
zone_share_transformer_next_day,2024-12-31 00:01:00,2025-01-01,1,ME_138KV_3,COAS,0.0
zone_share_transformer_next_day,2024-12-31 00:01:00,2025-01-01,1,HILCORP_69KV_1,COAS,0.0
zone_share_transformer_next_day,2024-12-31 00:01:00,2025-01-01,1,HILCORP_69KV_2,COAS,0.0
zone_share_transformer_next_day,2024-12-31 00:01:00,2025-01-01,1,HIM_138KV_1,COAS,19.59918
zone_share_transformer_next_day,2024-12-31 00:01:00,2025-01-01,1,KDL_345KV_1,COAS,26.57648
zone_share_transformer_next_day,2024-12-31 00:01:00,2025-01-01,1,KDL_345KV_2,COAS,18.727806
zone_share_transformer_next_day,2024-12-31 00:01:00,2025-01-01,1,KDL_345KV_3,COAS,0.0
zone_share_transformer_next_day,2024-12-31 00:01:00,2025-01-01,1,KDL_345KV_4,COAS,0.0
zone_share_transformer_next_day,2024-12-31 00:01:00,2025-01-01,1,KL_138KV_1,COAS,49.971855
zone_share_transformer_next_day,2024-12-31 00:01:00,2025-01-01,1,LW_138KV_1,COAS,38.13981
zone_share_transformer_next_day,2024-12-31 00:01:00,2025-01-01,1,LW_138KV_2,COAS,0.0
zone_share_transformer_next_day,2024-12-31 00:01:00,2025-01-01,1,LW_138KV_3,COAS,0.0
zone_share_transformer_next_day,2024-12-31 00:01:00,2025-01-01,1,LW_138KV_4,COAS,18.68666
zone_share_transformer_next_day,2024-12-31 00:01:00,2025-01-01,1,LW_138KV_5,COAS,0.0
zone_share_transformer_next_day,2024-12-31 00:01:00,2025-01-01,1,CBEC_138KV_1,COAS,0.0
zone_share_transformer_next_day,2024-12-31 00:01:00,2025-01-01,1,CBEC_13KV_1,COAS,0.0
zone_share_transformer_next_day,2024-12-31 00:01:00,2025-01-01,1,CBEC_13KV_2,COAS,0.0
zone_share_transformer_next_day,2024-12-31 00:01:00,2025-01-01,1,CBEC_13KV_3,COAS,0.0
zone_share_transformer_next_day,2024-12-31 00:01:00,2025-01-01,1,CBEC_13KV_4,COAS,0.0
zone_share_transformer_next_day,2024-12-31 00:01:00,2025-01-01,1,CBEC_13KV_5,COAS,0.0
zone_share_transformer_next_day,2024-12-31 00:01:00,2025-01-01,1,CBEC_13KV_6,COAS,0.0
zone_share_transformer_next_day,2024-12-31 00:01:00,2025-01-01,1,CBEC_13KV_7,COAS,1.2830992
zone_share_transformer_next_day,2024-12-31 00:01:00,2025-01-01,1,CBEC_13KV_8,COAS,1.2830992
zone_share_transformer_next_day,2024-12-31 00:01:00,2025-01-01,1,EP_138KV_1,COAS,13.727222
zone_share_transformer_next_day,2024-12-31 00:01:00,2025-01-01,1,EC_138KV_1,COAS,19.370296
zone_share_transformer_next_day,2024-12-31 00:01:00,2025-01-01,1,EC_138KV_2,COAS,15.595098
zone_share_transformer_next_day,2024-12-31 00:01:00,2025-01-01,1,CR_138KV_1,COAS,21.89488
zone_share_transformer_next_day,2024-12-31 00:01:00,2025-01-01,1,CTR_345KV_1,COAS,0.0
zone_share_transformer_next_day,2024-12-31 00:01:00,2025-01-01,1,OVILASW_69KV_1,COAS,0.0
zone_share_transformer_next_day,2024-12-31 00:01:00,2025-01-01,1,GOHLKE_138KV_1,COAS,1.2800863
zone_share_transformer_next_day,2024-12-31 00:01:00,2025-01-01,1,DOWGEN_14KV_1,COAS,0.0
zone_share_transformer_next_day,2024-12-31 00:01:00,2025-01-01,1,DOWGEN_14KV_2,COAS,0.0
zone_share_transformer_next_day,2024-12-31 00:01:00,2025-01-01,1,DOWGEN_14KV_3,COAS,0.0
zone_share_transformer_next_day,2024-12-31 00:01:00,2025-01-01,1,DOWGEN_14KV_4,COAS,0.0
zone_share_transformer_next_day,2024-12-31 00:01:00,2025-01-01,1,DOWGEN_14KV_5,COAS,0.0
zone_share_transformer_next_day,2024-12-31 00:01:00,2025-01-01,1,DOWGEN_14KV_6,COAS,0.0
zone_share_transformer_next_day,2024-12-31 00:01:00,2025-01-01,1,DOWGEN_14KV_7,COAS,0.0
zone_share_transformer_next_day,2024-12-31 00:01:00,2025-01-01,1,DOWGEN_14KV_8,COAS,0.0
zone_share_transformer_next_day,2024-12-31 00:01:00,2025-01-01,1,DOWGEN_14KV_9,COAS,7.082749
zone_share_transformer_next_day,2024-12-31 00:01:00,2025-01-01,1,DOWGEN_14KV_10,COAS,0.0
zone_share_transformer_next_day,2024-12-31 00:01:00,2025-01-01,1,DOWGEN_14KV_11,COAS,5.9437957
zone_share_transformer_next_day,2024-12-31 00:01:00,2025-01-01,1,DOWGEN_14KV_12,COAS,0.0
zone_share_transformer_next_day,2024-12-31 00:01:00,2025-01-01,1,DOWGEN_14KV_13,COAS,0.0
zone_share_transformer_next_day,2024-12-31 00:01:00,2025-01-01,1,DOWGEN_14KV_14,COAS,0.0
zone_share_transformer_next_day,2024-12-31 00:01:00,2025-01-01,1,DOWGEN_14KV_15,COAS,0.0
zone_share_transformer_next_day,2024-12-31 00:01:00,2025-01-01,1,DOWGEN_14KV_16,COAS,0.0
zone_share_transformer_next_day,2024-12-31 00:01:00,2025-01-01,1,DOWGEN_14KV_17,COAS,0.0
zone_share_transformer_next_day,2024-12-31 00:01:00,2025-01-01,1,DOWGEN_14KV_18,COAS,0.0
zone_share_transformer_next_day,2024-12-31 00:01:00,2025-01-01,1,DOWGEN_138KV_1,COAS,0.0
zone_share_transformer_next_day,2024-12-31 00:01:00,2025-01-01,1,DOWGEN_138KV_2,COAS,0.0
zone_share_transformer_next_day,2024-12-31 00:01:00,2025-01-01,1,DOWGEN_138KV_3,COAS,0.0
zone_share_transformer_next_day,2024-12-31 00:01:00,2025-01-01,1,DOWGEN_138KV_4,COAS,0.0
zone_share_transformer_next_day,2024-12-31 00:01:00,2025-01-01,1,DOWGEN_138KV_5,COAS,0.0
zone_share_transformer_next_day,2024-12-31 00:01:00,2025-01-01,1,DOWGEN_138KV_6,COAS,0.0
zone_share_transformer_next_day,2024-12-31 00:01:00,2025-01-01,1,DOWGEN_138KV_7,COAS,0.0
zone_share_transformer_next_day,2024-12-31 00:01:00,2025-01-01,1,DOWGEN_138KV_8,COAS,0.0
zone_share_transformer_next_day,2024-12-31 00:01:00,2025-01-01,1,DOWGEN_138KV_9,COAS,0.0
zone_share_transformer_next_day,2024-12-31 00:01:00,2025-01-01,1,DOWGEN_138KV_10,COAS,0.0
zone_share_transformer_next_day,2024-12-31 00:01:00,2025-01-01,1,DOWGEN_138KV_11,COAS,0.0
zone_share_transformer_next_day,2024-12-31 00:01:00,2025-01-01,1,DOWGEN_138KV_12,COAS,0.0
zone_share_transformer_next_day,2024-12-31 00:01:00,2025-01-01,1,DOWGEN_138KV_13,COAS,0.0
zone_share_transformer_next_day,2024-12-31 00:01:00,2025-01-01,1,DOWGEN_138KV_14,COAS,0.0
zone_share_transformer_next_day,2024-12-31 00:01:00,2025-01-01,1,DOWGEN_18KV_1,COAS,0.0
zone_share_transformer_next_day,2024-12-31 00:01:00,2025-01-01,1,DOWGEN_18KV_2,COAS,0.0
zone_share_transformer_next_day,2024-12-31 00:01:00,2025-01-01,1,DOWGEN_1KV_1,COAS,0.0
zone_share_transformer_next_day,2024-12-31 00:01:00,2025-01-01,1,DOWGEN_14KV_19,COAS,2.9915757
zone_share_transformer_next_day,2024-12-31 00:01:00,2025-01-01,1,DOWGEN_14KV_20,COAS,0.0
zone_share_transformer_next_day,2024-12-31 00:01:00,2025-01-01,1,DOWGEN_138KV_15,COAS,0.0
zone_share_transformer_next_day,2024-12-31 00:01:00,2025-01-01,1,DOWGEN_138KV_16,COAS,191.3654
zone_share_transformer_next_day,2024-12-31 00:01:00,2025-01-01,1,DOWGEN_138KV_17,COAS,190.69876
zone_share_transformer_next_day,2024-12-31 00:01:00,2025-01-01,1,DOWGEN_138KV_18,COAS,0.0
zone_share_transformer_next_day,2024-12-31 00:01:00,2025-01-01,1,DOWGEN_14KV_21,COAS,0.0
zone_share_transformer_next_day,2024-12-31 00:01:00,2025-01-01,1,DOWGEN_1KV_2,COAS,0.0
zone_share_transformer_next_day,2024-12-31 00:01:00,2025-01-01,1,BLCBAYU4_138KV_1,COAS,3.836964
zone_share_transformer_next_day,2024-12-31 00:01:00,2025-01-01,1,LOM_138KV_1,COAS,19.319832
zone_share_transformer_next_day,2024-12-31 00:01:00,2025-01-01,1,LOLITA_138KV_1,COAS,1.6383334
zone_share_transformer_next_day,2024-12-31 00:01:00,2025-01-01,1,PLACIOS_69KV_1,COAS,1.7085706
zone_share_transformer_next_day,2024-12-31 00:01:00,2025-01-01,1,LH_138KV_1,COAS,9.955599
zone_share_transformer_next_day,2024-12-31 00:01:00,2025-01-01,1,WBY_138KV_1,COAS,1.8617555
zone_share_transformer_next_day,2024-12-31 00:01:00,2025-01-01,1,WBY_138KV_2,COAS,1.7434068
zone_share_transformer_next_day,2024-12-31 00:01:00,2025-01-01,1,ANGLETON_138KV_1,COAS,23.561083
zone_share_transformer_next_day,2024-12-31 00:01:00,2025-01-01,1,PO_138KV_1,COAS,13.053943
zone_share_transformer_next_day,2024-12-31 00:01:00,2025-01-01,1,PO_138KV_2,COAS,7.2171974
zone_share_transformer_next_day,2024-12-31 00:01:00,2025-01-01,1,PO_138KV_3,COAS,7.9988446
zone_share_transformer_next_day,2024-12-31 00:01:00,2025-01-01,1,PO_138KV_4,COAS,0.0
zone_share_transformer_next_day,2024-12-31 00:01:00,2025-01-01,1,EDNAS_69KV_1,COAS,10.94551
zone_share_transformer_next_day,2024-12-31 00:01:00,2025-01-01,1,ARM_138KV_1,COAS,13.97211
zone_share_transformer_next_day,2024-12-31 00:01:00,2025-01-01,1,FL_138KV_1,COAS,78.98545
zone_share_transformer_next_day,2024-12-31 00:01:00,2025-01-01,1,KB_138KV_1,COAS,22.8927
zone_share_transformer_next_day,2024-12-31 00:01:00,2025-01-01,1,KB_138KV_2,COAS,0.0
zone_share_transformer_next_day,2024-12-31 00:01:00,2025-01-01,1,KB_138KV_3,COAS,16.477427
zone_share_transformer_next_day,2024-12-31 00:01:00,2025-01-01,1,TEJAS_138KV_1,COAS,10.245493
zone_share_transformer_next_day,2024-12-31 00:01:00,2025-01-01,1,GA_138KV_1,COAS,15.528719
zone_share_transformer_next_day,2024-12-31 00:01:00,2025-01-01,1,GA_138KV_2,COAS,0.0
zone_share_transformer_next_day,2024-12-31 00:01:00,2025-01-01,1,GA_138KV_3,COAS,12.549572
zone_share_transformer_next_day,2024-12-31 00:01:00,2025-01-01,1,GT_138KV_1,COAS,32.292236
zone_share_transformer_next_day,2024-12-31 00:01:00,2025-01-01,1,GT_138KV_2,COAS,0.0
zone_share_transformer_next_day,2024-12-31 00:01:00,2025-01-01,1,SW_138KV_1,COAS,11.472759
zone_share_transformer_next_day,2024-12-31 00:01:00,2025-01-01,1,SW_138KV_2,COAS,6.951972
zone_share_transformer_next_day,2024-12-31 00:01:00,2025-01-01,1,DOL_138KV_1,COAS,1.086228
zone_share_transformer_next_day,2024-12-31 00:01:00,2025-01-01,1,LP_138KV_1,COAS,3.6273823
zone_share_transformer_next_day,2024-12-31 00:01:00,2025-01-01,1,LP_138KV_2,COAS,0.0
zone_share_transformer_next_day,2024-12-31 00:01:00,2025-01-01,1,LP_138KV_3,COAS,0.0
zone_share_transformer_next_day,2024-12-31 00:01:00,2025-01-01,1,LP_138KV_4,COAS,10.241726
zone_share_transformer_next_day,2024-12-31 00:01:00,2025-01-01,1,TB_345KV_1,COAS,0.0
zone_share_transformer_next_day,2024-12-31 00:01:00,2025-01-01,1,TB_138KV_1,COAS,34.421764
zone_share_transformer_next_day,2024-12-31 00:01:00,2025-01-01,1,TB_138KV_2,COAS,24.342731
zone_share_transformer_next_day,2024-12-31 00:01:00,2025-01-01,1,TB_1KV_1,COAS,0.0
zone_share_transformer_next_day,2024-12-31 00:01:00,2025-01-01,1,TB_1KV_2,COAS,0.0
zone_share_transformer_next_day,2024-12-31 00:01:00,2025-01-01,1,TB_23KV_1,COAS,0.0
zone_share_transformer_next_day,2024-12-31 00:01:00,2025-01-01,1,TB_23KV_2,COAS,0.0
zone_share_transformer_next_day,2024-12-31 00:01:00,2025-01-01,1,BOR_138KV_1,COAS,0.85000145
zone_share_transformer_next_day,2024-12-31 00:01:00,2025-01-01,1,CAC_138KV_1,COAS,3.3290155
zone_share_transformer_next_day,2024-12-31 00:01:00,2025-01-01,1,CAC_138KV_2,COAS,0.0
zone_share_transformer_next_day,2024-12-31 00:01:00,2025-01-01,1,CAC_138KV_3,COAS,0.0
zone_share_transformer_next_day,2024-12-31 00:01:00,2025-01-01,1,CAC_138KV_4,COAS,0.0
zone_share_transformer_next_day,2024-12-31 00:01:00,2025-01-01,1,VICTORIA_138KV_1,COAS,0.0
zone_share_transformer_next_day,2024-12-31 00:01:00,2025-01-01,1,VICTORIA_18KV_1,COAS,0.0
zone_share_transformer_next_day,2024-12-31 00:01:00,2025-01-01,1,VICTORIA_20KV_1,COAS,0.0
zone_share_transformer_next_day,2024-12-31 00:01:00,2025-01-01,1,VICTORIA_69KV_1,COAS,4.4029093
zone_share_transformer_next_day,2024-12-31 00:01:00,2025-01-01,1,VICTORIA_138KV_2,COAS,0.0
zone_share_transformer_next_day,2024-12-31 00:01:00,2025-01-01,1,VICTORIA_138KV_3,COAS,0.0
zone_share_transformer_next_day,2024-12-31 00:01:00,2025-01-01,1,BYR_138KV_1,COAS,9.36122
zone_share_transformer_next_day,2024-12-31 00:01:00,2025-01-01,1,BST_138KV_1,COAS,0.6701717
zone_share_transformer_next_day,2024-12-31 00:01:00,2025-01-01,1,BST_138KV_2,COAS,0.0
zone_share_transformer_next_day,2024-12-31 00:01:00,2025-01-01,1,MNT_138KV_1,COAS,24.677534
zone_share_transformer_next_day,2024-12-31 00:01:00,2025-01-01,1,NS_138KV_1,COAS,6.7679057
zone_share_transformer_next_day,2024-12-31 00:01:00,2025-01-01,1,NS_138KV_2,COAS,11.621991
zone_share_transformer_next_day,2024-12-31 00:01:00,2025-01-01,1,NS_138KV_3,COAS,0.0
zone_share_transformer_next_day,2024-12-31 00:01:00,2025-01-01,1,NS_138KV_4,COAS,0.0
zone_share_transformer_next_day,2024-12-31 00:01:00,2025-01-01,1,MTL_138KV_1,COAS,2.2993724
zone_share_transformer_next_day,2024-12-31 00:01:00,2025-01-01,1,PLCEDOS_69KV_1,COAS,1.3800753
zone_share_transformer_next_day,2024-12-31 00:01:00,2025-01-01,1,BRN_138KV_1,COAS,0.3812202
zone_share_transformer_next_day,2024-12-31 00:01:00,2025-01-01,1,CADDOTN_138KV_1,COAS,0.0
zone_share_transformer_next_day,2024-12-31 00:01:00,2025-01-01,1,SOE_138KV_1,COAS,4.704289
zone_share_transformer_next_day,2024-12-31 00:01:00,2025-01-01,1,JES_138KV_1,COAS,10.131098
zone_share_transformer_next_day,2024-12-31 00:01:00,2025-01-01,1,JES_138KV_2,COAS,0.0
zone_share_transformer_next_day,2024-12-31 00:01:00,2025-01-01,1,JES_138KV_3,COAS,0.0
zone_share_transformer_next_day,2024-12-31 00:01:00,2025-01-01,1,JES_138KV_4,COAS,0.0
zone_share_transformer_next_day,2024-12-31 00:01:00,2025-01-01,1,JES_138KV_5,COAS,0.0
zone_share_transformer_next_day,2024-12-31 00:01:00,2025-01-01,1,JES_138KV_6,COAS,0.0
zone_share_transformer_next_day,2024-12-31 00:01:00,2025-01-01,1,ELTORS_69KV_1,COAS,0.88483757
zone_share_transformer_next_day,2024-12-31 00:01:00,2025-01-01,1,SRB_138KV_1,COAS,0.0
zone_share_transformer_next_day,2024-12-31 00:01:00,2025-01-01,1,WE_138KV_1,COAS,9.178377
zone_share_transformer_next_day,2024-12-31 00:01:00,2025-01-01,1,WE_138KV_2,COAS,0.0
zone_share_transformer_next_day,2024-12-31 00:01:00,2025-01-01,1,WE_138KV_3,COAS,4.097858
zone_share_transformer_next_day,2024-12-31 00:01:00,2025-01-01,1,WE_138KV_4,COAS,0.0
zone_share_transformer_next_day,2024-12-31 00:01:00,2025-01-01,1,WE_138KV_5,COAS,0.0
zone_share_transformer_next_day,2024-12-31 00:01:00,2025-01-01,1,UL_138KV_1,COAS,22.570702
zone_share_transformer_next_day,2024-12-31 00:01:00,2025-01-01,1,UL_138KV_2,COAS,27.885845
zone_share_transformer_next_day,2024-12-31 00:01:00,2025-01-01,1,UL_138KV_3,COAS,0.0
zone_share_transformer_next_day,2024-12-31 00:01:00,2025-01-01,1,SI_138KV_1,COAS,1.6948246
zone_share_transformer_next_day,2024-12-31 00:01:00,2025-01-01,1,DOW_138KV_1,COAS,0.0
zone_share_transformer_next_day,2024-12-31 00:01:00,2025-01-01,1,DOW_345KV_1,COAS,0.0
zone_share_transformer_next_day,2024-12-31 00:01:00,2025-01-01,1,DOW_138KV_2,COAS,0.0
zone_share_transformer_next_day,2024-12-31 00:01:00,2025-01-01,1,DOW_138KV_3,COAS,0.0
zone_share_transformer_next_day,2024-12-31 00:01:00,2025-01-01,1,DOW_1KV_1,COAS,0.0
zone_share_transformer_next_day,2024-12-31 00:01:00,2025-01-01,1,DOW_23KV_1,COAS,0.0
zone_share_transformer_next_day,2024-12-31 00:01:00,2025-01-01,1,DOW_14KV_1,COAS,0.0
zone_share_transformer_next_day,2024-12-31 00:01:00,2025-01-01,1,DOW_14KV_2,COAS,0.0
zone_share_transformer_next_day,2024-12-31 00:01:00,2025-01-01,1,DOW_1KV_2,COAS,0.0
zone_share_transformer_next_day,2024-12-31 00:01:00,2025-01-01,1,DOW_1KV_3,COAS,0.0
zone_share_transformer_next_day,2024-12-31 00:01:00,2025-01-01,1,DOW_138KV_4,COAS,0.0
zone_share_transformer_next_day,2024-12-31 00:01:00,2025-01-01,1,DOW_1KV_4,COAS,0.0
zone_share_transformer_next_day,2024-12-31 00:01:00,2025-01-01,1,DOW_14KV_3,COAS,0.0
zone_share_transformer_next_day,2024-12-31 00:01:00,2025-01-01,1,DOW_1KV_5,COAS,0.0
zone_share_transformer_next_day,2024-12-31 00:01:00,2025-01-01,1,DOW_23KV_2,COAS,0.0
zone_share_transformer_next_day,2024-12-31 00:01:00,2025-01-01,1,DOW_138KV_5,COAS,0.0
zone_share_transformer_next_day,2024-12-31 00:01:00,2025-01-01,1,DOW_1KV_6,COAS,0.0
zone_share_transformer_next_day,2024-12-31 00:01:00,2025-01-01,1,DOW_14KV_4,COAS,0.0
zone_share_transformer_next_day,2024-12-31 00:01:00,2025-01-01,1,DOW_138KV_6,COAS,0.0
zone_share_transformer_next_day,2024-12-31 00:01:00,2025-01-01,1,NORTHSDE_69KV_1,COAS,9.646593
zone_share_transformer_next_day,2024-12-31 00:01:00,2025-01-01,1,WEAVERRD_69KV_1,COAS,2.2471182
zone_share_transformer_next_day,2024-12-31 00:01:00,2025-01-01,1,MAGNO_TN_138KV_1,COAS,12.08644
zone_share_transformer_next_day,2024-12-31 00:01:00,2025-01-01,1,CELANEBC_138KV_1,COAS,8.063997
zone_share_transformer_next_day,2024-12-31 00:01:00,2025-01-01,1,CELANEBC_138KV_2,COAS,3.4866252
zone_share_transformer_next_day,2024-12-31 00:01:00,2025-01-01,1,AN_138KV_1,COAS,35.5835
zone_share_transformer_next_day,2024-12-31 00:01:00,2025-01-01,1,SIE_138KV_1,COAS,37.384525
zone_share_transformer_next_day,2024-12-31 00:01:00,2025-01-01,1,SIE_138KV_2,COAS,0.0
zone_share_transformer_next_day,2024-12-31 00:01:00,2025-01-01,1,SIE_138KV_3,COAS,0.0
zone_share_transformer_next_day,2024-12-31 00:01:00,2025-01-01,1,SIE_138KV_4,COAS,10.581359
zone_share_transformer_next_day,2024-12-31 00:01:00,2025-01-01,1,SEP_138KV_1,COAS,1.7181741
zone_share_transformer_next_day,2024-12-31 00:01:00,2025-01-01,1,CE_138KV_1,COAS,26.38554
zone_share_transformer_next_day,2024-12-31 00:01:00,2025-01-01,1,PI_138KV_1,COAS,63.636093
zone_share_transformer_next_day,2024-12-31 00:01:00,2025-01-01,1,FP_138KV_1,COAS,10.634998
zone_share_transformer_next_day,2024-12-31 00:01:00,2025-01-01,1,RMOTTSW_69KV_1,COAS,0.0
zone_share_transformer_next_day,2024-12-31 00:01:00,2025-01-01,1,LAMARQUE_69KV_1,COAS,7.078983
zone_share_transformer_next_day,2024-12-31 00:01:00,2025-01-01,1,KT_138KV_1,COAS,21.092804
zone_share_transformer_next_day,2024-12-31 00:01:00,2025-01-01,1,KT_138KV_2,COAS,53.91154
zone_share_transformer_next_day,2024-12-31 00:01:00,2025-01-01,1,KT_138KV_3,COAS,38.89312
zone_share_transformer_next_day,2024-12-31 00:01:00,2025-01-01,1,SOL_138KV_1,COAS,46.109756
zone_share_transformer_next_day,2024-12-31 00:01:00,2025-01-01,1,DANEVAS_69KV_1,COAS,4.319303
zone_share_transformer_next_day,2024-12-31 00:01:00,2025-01-01,1,TM_138KV_1,COAS,0.0
zone_share_transformer_next_day,2024-12-31 00:01:00,2025-01-01,1,TM_138KV_2,COAS,0.0
zone_share_transformer_next_day,2024-12-31 00:01:00,2025-01-01,1,TM_138KV_3,COAS,0.6131158
zone_share_transformer_next_day,2024-12-31 00:01:00,2025-01-01,1,TM_138KV_4,COAS,0.3812202
zone_share_transformer_next_day,2024-12-31 00:01:00,2025-01-01,1,EX_138KV_1,COAS,2.2479658
zone_share_transformer_next_day,2024-12-31 00:01:00,2025-01-01,1,CHL_138KV_1,COAS,58.217567
zone_share_transformer_next_day,2024-12-31 00:01:00,2025-01-01,1,GY_69KV_1,COAS,0.4644503
zone_share_transformer_next_day,2024-12-31 00:01:00,2025-01-01,1,WADSWORT_138KV_1,COAS,2.7639167
zone_share_transformer_next_day,2024-12-31 00:01:00,2025-01-01,1,JP_138KV_1,COAS,23.100586
zone_share_transformer_next_day,2024-12-31 00:01:00,2025-01-01,1,KN_138KV_1,COAS,0.0
zone_share_transformer_next_day,2024-12-31 00:01:00,2025-01-01,1,KN_138KV_2,COAS,10.924703
zone_share_transformer_next_day,2024-12-31 00:01:00,2025-01-01,1,KN_138KV_3,COAS,0.0
zone_share_transformer_next_day,2024-12-31 00:01:00,2025-01-01,1,KN_138KV_4,COAS,10.333242
zone_share_transformer_next_day,2024-12-31 00:01:00,2025-01-01,1,WZ_138KV_1,COAS,36.780453
zone_share_transformer_next_day,2024-12-31 00:01:00,2025-01-01,1,WZ_138KV_2,COAS,0.0
zone_share_transformer_next_day,2024-12-31 00:01:00,2025-01-01,1,WZ_138KV_3,COAS,25.132004
zone_share_transformer_next_day,2024-12-31 00:01:00,2025-01-01,1,SC_138KV_1,COAS,9.850809
zone_share_transformer_next_day,2024-12-31 00:01:00,2025-01-01,1,SC_69KV_1,COAS,0.0
zone_share_transformer_next_day,2024-12-31 00:01:00,2025-01-01,1,SC_1KV_1,COAS,0.0
zone_share_transformer_next_day,2024-12-31 00:01:00,2025-01-01,1,SC_13KV_1,COAS,0.0
zone_share_transformer_next_day,2024-12-31 00:01:00,2025-01-01,1,SEMINOLE_138KV_1,COAS,10.557134
zone_share_transformer_next_day,2024-12-31 00:01:00,2025-01-01,1,DYN_138KV_1,COAS,0.0
zone_share_transformer_next_day,2024-12-31 00:01:00,2025-01-01,1,TKR_138KV_1,COAS,3.3461509
zone_share_transformer_next_day,2024-12-31 00:01:00,2025-01-01,1,OLIVIAS_69KV_1,COAS,1.2702945
zone_share_transformer_next_day,2024-12-31 00:01:00,2025-01-01,1,RO_138KV_1,COAS,36.687523
zone_share_transformer_next_day,2024-12-31 00:01:00,2025-01-01,1,RT_138KV_1,COAS,1.9274734
zone_share_transformer_next_day,2024-12-31 00:01:00,2025-01-01,1,RT_138KV_2,COAS,0.0
zone_share_transformer_next_day,2024-12-31 00:01:00,2025-01-01,1,RT_138KV_3,COAS,0.0
zone_share_transformer_next_day,2024-12-31 00:01:00,2025-01-01,1,RT_138KV_4,COAS,0.0
zone_share_transformer_next_day,2024-12-31 00:01:00,2025-01-01,1,RT_138KV_5,COAS,0.0
zone_share_transformer_next_day,2024-12-31 00:01:00,2025-01-01,1,RT_138KV_6,COAS,0.0
zone_share_transformer_next_day,2024-12-31 00:01:00,2025-01-01,1,SR_138KV_1,COAS,20.00535
zone_share_transformer_next_day,2024-12-31 00:01:00,2025-01-01,1,SR_138KV_2,COAS,16.19409
zone_share_transformer_next_day,2024-12-31 00:01:00,2025-01-01,1,HT_138KV_1,COAS,8.116064
zone_share_transformer_next_day,2024-12-31 00:01:00,2025-01-01,1,HT_138KV_2,COAS,14.545528
zone_share_transformer_next_day,2024-12-31 00:01:00,2025-01-01,1,HT_138KV_3,COAS,0.0
zone_share_transformer_next_day,2024-12-31 00:01:00,2025-01-01,1,HT_138KV_4,COAS,0.0
zone_share_transformer_next_day,2024-12-31 00:01:00,2025-01-01,1,IND_138KV_1,COAS,5.729601
zone_share_transformer_next_day,2024-12-31 00:01:00,2025-01-01,1,INDPK9_69KV_1,COAS,1.2003399
zone_share_transformer_next_day,2024-12-31 00:01:00,2025-01-01,1,CN_138KV_1,COAS,0.0
zone_share_transformer_next_day,2024-12-31 00:01:00,2025-01-01,1,MIDWESTS_69KV_1,COAS,0.23198976
zone_share_transformer_next_day,2024-12-31 00:01:00,2025-01-01,1,APACHE_138KV_1,COAS,0.0
zone_share_transformer_next_day,2024-12-31 00:01:00,2025-01-01,1,MDY_138KV_1,COAS,5.4669175
zone_share_transformer_next_day,2024-12-31 00:01:00,2025-01-01,1,HL_138KV_1,COAS,0.0
zone_share_transformer_next_day,2024-12-31 00:01:00,2025-01-01,1,HL_138KV_2,COAS,8.525907
zone_share_transformer_next_day,2024-12-31 00:01:00,2025-01-01,1,HL_138KV_3,COAS,0.0
zone_share_transformer_next_day,2024-12-31 00:01:00,2025-01-01,1,HL_138KV_4,COAS,11.549776
zone_share_transformer_next_day,2024-12-31 00:01:00,2025-01-01,1,ALCOA_138KV_1,COAS,0.057055924
zone_share_transformer_next_day,2024-12-31 00:01:00,2025-01-01,1,ALCOA_138KV_2,COAS,1.9839643
zone_share_transformer_next_day,2024-12-31 00:01:00,2025-01-01,1,RS_138KV_1,COAS,21.215012
zone_share_transformer_next_day,2024-12-31 00:01:00,2025-01-01,1,RIN_138KV_1,COAS,18.221645
zone_share_transformer_next_day,2024-12-31 00:01:00,2025-01-01,1,DPW_345KV_1,COAS,0.0
zone_share_transformer_next_day,2024-12-31 00:01:00,2025-01-01,1,DPW_69KV_1,COAS,0.0
zone_share_transformer_next_day,2024-12-31 00:01:00,2025-01-01,1,DPW_138KV_1,COAS,0.0
zone_share_transformer_next_day,2024-12-31 00:01:00,2025-01-01,1,DPW_1KV_1,COAS,0.0
zone_share_transformer_next_day,2024-12-31 00:01:00,2025-01-01,1,DPW_23KV_1,COAS,0.0
zone_share_transformer_next_day,2024-12-31 00:01:00,2025-01-01,1,LJ_138KV_1,COAS,23.071869
zone_share_transformer_next_day,2024-12-31 00:01:00,2025-01-01,1,NEW_138KV_1,COAS,5.9837165
zone_share_transformer_next_day,2024-12-31 00:01:00,2025-01-01,1,SEAWAY_138KV_1,COAS,6.7802396
zone_share_transformer_next_day,2024-12-31 00:01:00,2025-01-01,1,LK_138KV_1,COAS,26.944706
zone_share_transformer_next_day,2024-12-31 00:01:00,2025-01-01,1,FT_138KV_1,COAS,20.185274
zone_share_transformer_next_day,2024-12-31 00:01:00,2025-01-01,1,FT_138KV_2,COAS,0.0
zone_share_transformer_next_day,2024-12-31 00:01:00,2025-01-01,1,FT_138KV_3,COAS,10.512978
zone_share_transformer_next_day,2024-12-31 00:01:00,2025-01-01,1,TXCTY_138KV_1,COAS,0.0
zone_share_transformer_next_day,2024-12-31 00:01:00,2025-01-01,1,TXCTY_13KV_1,COAS,0.0
zone_share_transformer_next_day,2024-12-31 00:01:00,2025-01-01,1,TXCTY_13KV_2,COAS,0.0
zone_share_transformer_next_day,2024-12-31 00:01:00,2025-01-01,1,TXCTY_13KV_3,COAS,0.0
zone_share_transformer_next_day,2024-12-31 00:01:00,2025-01-01,1,TXCTY_13KV_4,COAS,0.0
zone_share_transformer_next_day,2024-12-31 00:01:00,2025-01-01,1,WRN_138KV_1,COAS,63.68561
zone_share_transformer_next_day,2024-12-31 00:01:00,2025-01-01,1,WRN_12KV_1,COAS,0.0
zone_share_transformer_next_day,2024-12-31 00:01:00,2025-01-01,1,MACEDO_138KV_1,COAS,7.188199
zone_share_transformer_next_day,2024-12-31 00:01:00,2025-01-01,1,PALTIETP_69KV_1,COAS,0.0
zone_share_transformer_next_day,2024-12-31 00:01:00,2025-01-01,1,SCW_138KV_1,COAS,5.995862
zone_share_transformer_next_day,2024-12-31 00:01:00,2025-01-01,1,SCW_138KV_2,COAS,11.911965
zone_share_transformer_next_day,2024-12-31 00:01:00,2025-01-01,1,NCLMVLS_69KV_1,COAS,1.9011109
zone_share_transformer_next_day,2024-12-31 00:01:00,2025-01-01,1,GR_138KV_1,COAS,7.3409133
zone_share_transformer_next_day,2024-12-31 00:01:00,2025-01-01,1,GR_138KV_2,COAS,0.0
zone_share_transformer_next_day,2024-12-31 00:01:00,2025-01-01,1,GR_138KV_3,COAS,4.748258
zone_share_transformer_next_day,2024-12-31 00:01:00,2025-01-01,1,GR_138KV_4,COAS,0.0
zone_share_transformer_next_day,2024-12-31 00:01:00,2025-01-01,1,LM_138KV_1,COAS,4.7746205
zone_share_transformer_next_day,2024-12-31 00:01:00,2025-01-01,1,SOUSHORE_138KV_1,COAS,19.459366
zone_share_transformer_next_day,2024-12-31 00:01:00,2025-01-01,1,NA_138KV_1,COAS,0.0
zone_share_transformer_next_day,2024-12-31 00:01:00,2025-01-01,1,NA_138KV_2,COAS,0.0
zone_share_transformer_next_day,2024-12-31 00:01:00,2025-01-01,1,NA_12KV_1,COAS,0.0
zone_share_transformer_next_day,2024-12-31 00:01:00,2025-01-01,1,NA_12KV_2,COAS,0.0
zone_share_transformer_next_day,2024-12-31 00:01:00,2025-01-01,1,NA_0KV_1,COAS,0.0
zone_share_transformer_next_day,2024-12-31 00:01:00,2025-01-01,1,NA_12KV_3,COAS,0.0
zone_share_transformer_next_day,2024-12-31 00:01:00,2025-01-01,1,NA_12KV_4,COAS,0.0
zone_share_transformer_next_day,2024-12-31 00:01:00,2025-01-01,1,NA_12KV_5,COAS,0.0
zone_share_transformer_next_day,2024-12-31 00:01:00,2025-01-01,1,NA_12KV_6,COAS,0.0
zone_share_transformer_next_day,2024-12-31 00:01:00,2025-01-01,1,CI_138KV_1,COAS,2.6540418
zone_share_transformer_next_day,2024-12-31 00:01:00,2025-01-01,1,DKR_138KV_1,COAS,51.39797
zone_share_transformer_next_day,2024-12-31 00:01:00,2025-01-01,1,PHR_138KV_1,COAS,0.0
zone_share_transformer_next_day,2024-12-31 00:01:00,2025-01-01,1,PHR_138KV_2,COAS,0.0
zone_share_transformer_next_day,2024-12-31 00:01:00,2025-01-01,1,PHR_345KV_1,COAS,0.0
zone_share_transformer_next_day,2024-12-31 00:01:00,2025-01-01,1,PHR_138KV_3,COAS,3.3383362
zone_share_transformer_next_day,2024-12-31 00:01:00,2025-01-01,1,PHR_138KV_4,COAS,5.9313684
zone_share_transformer_next_day,2024-12-31 00:01:00,2025-01-01,1,PHR_1KV_1,COAS,0.0
zone_share_transformer_next_day,2024-12-31 00:01:00,2025-01-01,1,PHR_23KV_1,COAS,0.0
zone_share_transformer_next_day,2024-12-31 00:01:00,2025-01-01,1,PHR_23KV_2,COAS,0.0
zone_share_transformer_next_day,2024-12-31 00:01:00,2025-01-01,1,PHR_23KV_3,COAS,0.0
zone_share_transformer_next_day,2024-12-31 00:01:00,2025-01-01,1,PHR_1KV_2,COAS,0.0
zone_share_transformer_next_day,2024-12-31 00:01:00,2025-01-01,1,PHR_1KV_3,COAS,0.0
zone_share_transformer_next_day,2024-12-31 00:01:00,2025-01-01,1,PHR_1KV_4,COAS,0.0
zone_share_transformer_next_day,2024-12-31 00:01:00,2025-01-01,1,PHR_23KV_4,COAS,0.0
zone_share_transformer_next_day,2024-12-31 00:01:00,2025-01-01,1,PHR_138KV_5,COAS,7.624595
zone_share_transformer_next_day,2024-12-31 00:01:00,2025-01-01,1,PHR_138KV_6,COAS,0.0
zone_share_transformer_next_day,2024-12-31 00:01:00,2025-01-01,1,AM_138KV_1,COAS,0.0
zone_share_transformer_next_day,2024-12-31 00:01:00,2025-01-01,1,AM_138KV_2,COAS,0.0
zone_share_transformer_next_day,2024-12-31 00:01:00,2025-01-01,1,AM_138KV_3,COAS,15.314149
zone_share_transformer_next_day,2024-12-31 00:01:00,2025-01-01,1,AM_138KV_4,COAS,8.020406
zone_share_transformer_next_day,2024-12-31 00:01:00,2025-01-01,1,KNY_138KV_1,COAS,8.067481
zone_share_transformer_next_day,2024-12-31 00:01:00,2025-01-01,1,KNY_138KV_2,COAS,2.0954933
zone_share_transformer_next_day,2024-12-31 00:01:00,2025-01-01,1,KNY_138KV_3,COAS,0.0
zone_share_transformer_next_day,2024-12-31 00:01:00,2025-01-01,1,HE_69KV_1,COAS,33.232155
zone_share_transformer_next_day,2024-12-31 00:01:00,2025-01-01,1,DA_138KV_1,COAS,4.406487
zone_share_transformer_next_day,2024-12-31 00:01:00,2025-01-01,1,RE_138KV_1,COAS,34.681526
zone_share_transformer_next_day,2024-12-31 00:01:00,2025-01-01,1,TS_138KV_1,COAS,10.189378
zone_share_transformer_next_day,2024-12-31 00:01:00,2025-01-01,1,FRWYPARK_138KV_1,COAS,17.96885
zone_share_transformer_next_day,2024-12-31 00:01:00,2025-01-01,1,BAY_CITY_138KV_1,COAS,9.426844
zone_share_transformer_next_day,2024-12-31 00:01:00,2025-01-01,1,EAB_138KV_1,COAS,3.7099528
zone_share_transformer_next_day,2024-12-31 00:01:00,2025-01-01,1,KI_138KV_1,COAS,54.872166
zone_share_transformer_next_day,2024-12-31 00:01:00,2025-01-01,1,BBP_138KV_1,COAS,0.0
zone_share_transformer_next_day,2024-12-31 00:01:00,2025-01-01,1,BBP_13KV_1,COAS,0.0
zone_share_transformer_next_day,2024-12-31 00:01:00,2025-01-01,1,BBP_13KV_2,COAS,0.0
zone_share_transformer_next_day,2024-12-31 00:01:00,2025-01-01,1,HIGHLAS_69KV_1,COAS,3.9820514
zone_share_transformer_next_day,2024-12-31 00:01:00,2025-01-01,1,MID_138KV_1,COAS,0.0
zone_share_transformer_next_day,2024-12-31 00:01:00,2025-01-01,1,MID_138KV_2,COAS,7.6044436
zone_share_transformer_next_day,2024-12-31 00:01:00,2025-01-01,1,MID_138KV_3,COAS,0.0
zone_share_transformer_next_day,2024-12-31 00:01:00,2025-01-01,1,MID_138KV_4,COAS,0.0
zone_share_transformer_next_day,2024-12-31 00:01:00,2025-01-01,1,MID_138KV_5,COAS,0.0
zone_share_transformer_next_day,2024-12-31 00:01:00,2025-01-01,1,LANCTYPM_138KV_1,COAS,0.26277736
zone_share_transformer_next_day,2024-12-31 00:01:00,2025-01-01,1,HILLJE_69KV_1,COAS,1.086228
zone_share_transformer_next_day,2024-12-31 00:01:00,2025-01-01,1,WEB_138KV_1,COAS,0.0
zone_share_transformer_next_day,2024-12-31 00:01:00,2025-01-01,1,WEB_138KV_2,COAS,0.0
zone_share_transformer_next_day,2024-12-31 00:01:00,2025-01-01,1,WEB_138KV_3,COAS,12.983612
zone_share_transformer_next_day,2024-12-31 00:01:00,2025-01-01,1,WEB_138KV_4,COAS,11.831196
zone_share_transformer_next_day,2024-12-31 00:01:00,2025-01-01,1,WEB_138KV_5,COAS,9.07641
zone_share_transformer_next_day,2024-12-31 00:01:00,2025-01-01,1,WEB_138KV_6,COAS,0.0
zone_share_transformer_next_day,2024-12-31 00:01:00,2025-01-01,1,WEB_138KV_7,COAS,0.0
zone_share_transformer_next_day,2024-12-31 00:01:00,2025-01-01,1,BFM_138KV_1,COAS,0.0
zone_share_transformer_next_day,2024-12-31 00:01:00,2025-01-01,1,BFM_12KV_1,COAS,0.0
zone_share_transformer_next_day,2024-12-31 00:01:00,2025-01-01,1,PLANVWS_69KV_1,COAS,1.3752737
zone_share_transformer_next_day,2024-12-31 00:01:00,2025-01-01,1,UN_138KV_1,COAS,6.5924067
zone_share_transformer_next_day,2024-12-31 00:01:00,2025-01-01,1,UN_138KV_2,COAS,9.0671835
zone_share_transformer_next_day,2024-12-31 00:01:00,2025-01-01,1,UN_138KV_3,COAS,0.0
zone_share_transformer_next_day,2024-12-31 00:01:00,2025-01-01,1,UN_138KV_4,COAS,0.0
zone_share_transformer_next_day,2024-12-31 00:01:00,2025-01-01,1,UN_138KV_5,COAS,5.444886
zone_share_transformer_next_day,2024-12-31 00:01:00,2025-01-01,1,HN_138KV_1,COAS,3.2106664
zone_share_transformer_next_day,2024-12-31 00:01:00,2025-01-01,1,PJ_138KV_1,COAS,5.414287
zone_share_transformer_next_day,2024-12-31 00:01:00,2025-01-01,1,PJ_138KV_2,COAS,0.0
zone_share_transformer_next_day,2024-12-31 00:01:00,2025-01-01,1,PJ_138KV_3,COAS,10.267524
zone_share_transformer_next_day,2024-12-31 00:01:00,2025-01-01,1,PJ_138KV_4,COAS,0.0
zone_share_transformer_next_day,2024-12-31 00:01:00,2025-01-01,1,MLA_138KV_1,COAS,15.982249
zone_share_transformer_next_day,2024-12-31 00:01:00,2025-01-01,1,SP_138KV_1,COAS,18.06046
zone_share_transformer_next_day,2024-12-31 00:01:00,2025-01-01,1,SP_138KV_2,COAS,10.137501
zone_share_transformer_next_day,2024-12-31 00:01:00,2025-01-01,1,DQ_138KV_1,COAS,2.8429103
zone_share_transformer_next_day,2024-12-31 00:01:00,2025-01-01,1,WC_138KV_1,COAS,0.76206374
zone_share_transformer_next_day,2024-12-31 00:01:00,2025-01-01,1,CB_138KV_1,COAS,0.0
zone_share_transformer_next_day,2024-12-31 00:01:00,2025-01-01,1,CB_138KV_2,COAS,7.574785
zone_share_transformer_next_day,2024-12-31 00:01:00,2025-01-01,1,CB_138KV_3,COAS,19.685705
zone_share_transformer_next_day,2024-12-31 00:01:00,2025-01-01,1,CB_138KV_4,COAS,0.0
zone_share_transformer_next_day,2024-12-31 00:01:00,2025-01-01,1,DL_138KV_1,COAS,21.2812
zone_share_transformer_next_day,2024-12-31 00:01:00,2025-01-01,1,MY_138KV_1,COAS,17.118189
zone_share_transformer_next_day,2024-12-31 00:01:00,2025-01-01,1,MY_138KV_2,COAS,9.641603
zone_share_transformer_next_day,2024-12-31 00:01:00,2025-01-01,1,LU_138KV_1,COAS,23.060196
zone_share_transformer_next_day,2024-12-31 00:01:00,2025-01-01,1,LU_138KV_2,COAS,17.027521
zone_share_transformer_next_day,2024-12-31 00:01:00,2025-01-01,1,LU_138KV_3,COAS,0.0
zone_share_transformer_next_day,2024-12-31 00:01:00,2025-01-01,1,LU_138KV_4,COAS,0.0
zone_share_transformer_next_day,2024-12-31 00:01:00,2025-01-01,1,UW_138KV_1,COAS,3.5289936
zone_share_transformer_next_day,2024-12-31 00:01:00,2025-01-01,1,UW_138KV_2,COAS,11.194071
zone_share_transformer_next_day,2024-12-31 00:01:00,2025-01-01,1,UW_138KV_3,COAS,0.0
zone_share_transformer_next_day,2024-12-31 00:01:00,2025-01-01,1,UW_138KV_4,COAS,0.0
zone_share_transformer_next_day,2024-12-31 00:01:00,2025-01-01,1,NP_138KV_1,COAS,18.052267
zone_share_transformer_next_day,2024-12-31 00:01:00,2025-01-01,1,ST_138KV_1,COAS,16.891848
zone_share_transformer_next_day,2024-12-31 00:01:00,2025-01-01,1,ST_138KV_2,COAS,16.47532
zone_share_transformer_next_day,2024-12-31 00:01:00,2025-01-01,1,ST_138KV_3,COAS,0.0
zone_share_transformer_next_day,2024-12-31 00:01:00,2025-01-01,1,ST_138KV_4,COAS,0.0
zone_share_transformer_next_day,2024-12-31 00:01:00,2025-01-01,1,LONETRS_69KV_1,COAS,3.0620954
zone_share_transformer_next_day,2024-12-31 00:01:00,2025-01-01,1,LHM_138KV_1,COAS,0.0
zone_share_transformer_next_day,2024-12-31 00:01:00,2025-01-01,1,LHM_18KV_1,COAS,0.0
zone_share_transformer_next_day,2024-12-31 00:01:00,2025-01-01,1,GV_138KV_1,COAS,7.364168
zone_share_transformer_next_day,2024-12-31 00:01:00,2025-01-01,1,GV_69KV_1,COAS,11.693166
zone_share_transformer_next_day,2024-12-31 00:01:00,2025-01-01,1,GV_69KV_2,COAS,0.0
zone_share_transformer_next_day,2024-12-31 00:01:00,2025-01-01,1,GV_1KV_1,COAS,0.0
zone_share_transformer_next_day,2024-12-31 00:01:00,2025-01-01,1,GV_13KV_1,COAS,0.0
zone_share_transformer_next_day,2024-12-31 00:01:00,2025-01-01,1,V_DUPSW_138KV_1,COAS,0.0
zone_share_transformer_next_day,2024-12-31 00:01:00,2025-01-01,1,RA_138KV_1,COAS,45.444195
zone_share_transformer_next_day,2024-12-31 00:01:00,2025-01-01,1,NB_138KV_1,COAS,38.06129
zone_share_transformer_next_day,2024-12-31 00:01:00,2025-01-01,1,NB_345KV_1,COAS,0.0
zone_share_transformer_next_day,2024-12-31 00:01:00,2025-01-01,1,NB_1KV_1,COAS,0.0
zone_share_transformer_next_day,2024-12-31 00:01:00,2025-01-01,1,NB_23KV_1,COAS,0.0
zone_share_transformer_next_day,2024-12-31 00:01:00,2025-01-01,1,NB_23KV_2,COAS,0.0
zone_share_transformer_next_day,2024-12-31 00:01:00,2025-01-01,1,NB_23KV_3,COAS,0.0
zone_share_transformer_next_day,2024-12-31 00:01:00,2025-01-01,1,NB_1KV_2,COAS,0.0
zone_share_transformer_next_day,2024-12-31 00:01:00,2025-01-01,1,NB_1KV_3,COAS,0.0
zone_share_transformer_next_day,2024-12-31 00:01:00,2025-01-01,1,SMITHERS_345KV_1,COAS,0.0
zone_share_transformer_next_day,2024-12-31 00:01:00,2025-01-01,1,GANADO_138KV_1,COAS,1.7656265
zone_share_transformer_next_day,2024-12-31 00:01:00,2025-01-01,1,ALVIN_138KV_1,COAS,25.221128
zone_share_transformer_next_day,2024-12-31 00:01:00,2025-01-01,1,WAS_138KV_1,COAS,39.871357
zone_share_transformer_next_day,2024-12-31 00:01:00,2025-01-01,1,GS_138KV_1,COAS,0.0
zone_share_transformer_next_day,2024-12-31 00:01:00,2025-01-01,1,GS_69KV_1,COAS,20.10967
zone_share_transformer_next_day,2024-12-31 00:01:00,2025-01-01,1,GS_1KV_1,COAS,0.0
zone_share_transformer_next_day,2024-12-31 00:01:00,2025-01-01,1,GS_12KV_1,COAS,0.0
zone_share_transformer_next_day,2024-12-31 00:01:00,2025-01-01,1,GS_1KV_2,COAS,0.0
zone_share_transformer_next_day,2024-12-31 00:01:00,2025-01-01,1,GS_13KV_1,COAS,0.0
zone_share_transformer_next_day,2024-12-31 00:01:00,2025-01-01,1,ELTORSW_69KV_1,COAS,0.0
zone_share_transformer_next_day,2024-12-31 00:01:00,2025-01-01,1,DOW_PUMP_69KV_1,COAS,0.0
zone_share_transformer_next_day,2024-12-31 00:01:00,2025-01-01,1,P_LAVACA_69KV_1,COAS,0.0
zone_share_transformer_next_day,2024-12-31 00:01:00,2025-01-01,1,GANADOS_69KV_1,COAS,1.0602422
zone_share_transformer_next_day,2024-12-31 00:01:00,2025-01-01,1,STPSW_138KV_1,COAS,0.0
zone_share_transformer_next_day,2024-12-31 00:01:00,2025-01-01,1,SDN_345KV_1,COAS,0.0
zone_share_transformer_next_day,2024-12-31 00:01:00,2025-01-01,1,MARKHAM_69KV_1,COAS,0.76206374
zone_share_transformer_next_day,2024-12-31 00:01:00,2025-01-01,1,CS_138KV_1,COAS,9.502353
zone_share_transformer_next_day,2024-12-31 00:01:00,2025-01-01,1,CS_34KV_1,COAS,0.0
zone_share_transformer_next_day,2024-12-31 00:01:00,2025-01-01,1,CS_138KV_2,COAS,0.0
zone_share_transformer_next_day,2024-12-31 00:01:00,2025-01-01,1,SN_138KV_1,COAS,36.081093
zone_share_transformer_next_day,2024-12-31 00:01:00,2025-01-01,1,WLO_138KV_1,COAS,34.015026
zone_share_transformer_next_day,2024-12-31 00:01:00,2025-01-01,1,PSG_18KV_1,COAS,0.0
zone_share_transformer_next_day,2024-12-31 00:01:00,2025-01-01,1,PSG_138KV_1,COAS,0.0
zone_share_transformer_next_day,2024-12-31 00:01:00,2025-01-01,1,PSG_18KV_2,COAS,0.0
zone_share_transformer_next_day,2024-12-31 00:01:00,2025-01-01,1,PSG_138KV_2,COAS,0.0
zone_share_transformer_next_day,2024-12-31 00:01:00,2025-01-01,1,PSG_138KV_3,COAS,0.0
zone_share_transformer_next_day,2024-12-31 00:01:00,2025-01-01,1,PSG_18KV_3,COAS,0.0
zone_share_transformer_next_day,2024-12-31 00:01:00,2025-01-01,1,PSG_138KV_4,COAS,0.0
zone_share_transformer_next_day,2024-12-31 00:01:00,2025-01-01,1,OB_23KV_1,COAS,0.0
zone_share_transformer_next_day,2024-12-31 00:01:00,2025-01-01,1,OB_345KV_1,COAS,0.0
zone_share_transformer_next_day,2024-12-31 00:01:00,2025-01-01,1,OB_138KV_1,COAS,27.128773
zone_share_transformer_next_day,2024-12-31 00:01:00,2025-01-01,1,OB_138KV_2,COAS,27.067762
zone_share_transformer_next_day,2024-12-31 00:01:00,2025-01-01,1,OB_138KV_3,COAS,20.457653
zone_share_transformer_next_day,2024-12-31 00:01:00,2025-01-01,1,OB_138KV_4,COAS,0.0
zone_share_transformer_next_day,2024-12-31 00:01:00,2025-01-01,1,OB_138KV_5,COAS,0.0
zone_share_transformer_next_day,2024-12-31 00:01:00,2025-01-01,1,OB_1KV_1,COAS,0.0
zone_share_transformer_next_day,2024-12-31 00:01:00,2025-01-01,1,OB_1KV_2,COAS,0.0
zone_share_transformer_next_day,2024-12-31 00:01:00,2025-01-01,1,OB_1KV_3,COAS,0.0
zone_share_transformer_next_day,2024-12-31 00:01:00,2025-01-01,1,OB_23KV_2,COAS,0.0
zone_share_transformer_next_day,2024-12-31 00:01:00,2025-01-01,1,OB_23KV_3,COAS,0.0
